Area,"A : Agriculture, forestry and fishing",Flags,B : Mining and quarrying,Flags,C : Manufacturing,Flags,"D : Electricity, gas, steam and air conditioning supply",Flags,"E : Water supply; sewerage, waste management and remediation activities",Flags,F : Construction,Flags,G : Wholesale and retail trade; repair of motor vehicles and motorcycles,Flags,H : Transportation and storage,Flags,I : Accommodation and food service activities,Flags,J : Information and communication,Flags,K : Financial and insurance activities,Flags,L : Real estate activities,Flags,"M : Professional, scientific and technical activities",Flags,N : Administrative and support service activities,Flags,O : Public administration and defence; compulsory social security,Flags,P : Education,Flags,Q : Human health and social work activities,Flags,"R : Arts, entertainment and recreation",Flags,S : Other service activities,Flags,T : Activities of households as employers;undifferentiated goods-and services-producing activities of households for own use,Flags,U : Activities of extraterritorial organisations and bodies,Flags,"1 : Agriculture, forestry & fishing (A)",Flags,"2 : Mining, quarrying & utilities (B,D and E)",Flags,3 : Manufacturing (C),Flags,4 : Construction (F),Flags,5 : Motor trades (Part G),Flags,6 : Wholesale (Part G),Flags,7 : Retail (Part G),Flags,8 : Transport & storage (inc postal) (H),Flags,9 : Accommodation & food services (I),Flags,10 : Information & communication (J),Flags,11 : Financial & insurance (K),Flags,12 : Property (L),Flags,"13 : Professional, scientific & technical (M)",Flags,14 : Business administration & support services (N),Flags,15 : Public administration & defence (O),Flags,16 : Education (P),Flags,17 : Health (Q),Flags,"18 : Arts, entertainment, recreation & other services (R,S,T and U)",Flags
,number,Flags,number,Flags,number,Flags,number,Flags,number,Flags,number,Flags,number,Flags,number,Flags,number,Flags,number,Flags,number,Flags,number,Flags,number,Flags,number,Flags,number,Flags,number,Flags,number,Flags,number,Flags,number,Flags,number,Flags,number,Flags,number,Flags,number,Flags,number,Flags,number,Flags,number,Flags,number,Flags,number,Flags,number,Flags,number,Flags,number,Flags,number,Flags,number,Flags,number,Flags,number,Flags,number,Flags,number,Flags,number,Flags,number,Flags
country:England,375000,,20000,,2024000,,108000,,176000,,1298000,,3982000,,1380000,,1892000,,1205000,,928000,,532000,,2428000,,2335000,,1082000,,2319000,,3438000,,612000,,539000,,0,,0,,375000,,303000,,2024000,,1298000,,479000,,1032000,,2472000,,1380000,,1892000,,1205000,,928000,,532000,,2428000,,2335000,,1082000,,2319000,,3438000,,1151000,
lep:Black Country,300,,45,,60000,,2000,,3500,,23000,,86000,,29000,,22000,,6000,,9000,,9000,,20000,,28000,,14000,,42000,,69000,,8000,,11000,,0,,0,,300,,6000,,60000,,23000,,11000,,28000,,47000,,29000,,22000,,6000,,9000,,9000,,20000,,28000,,14000,,42000,,69000,,20000,
lep:Cheshire and Warrington,9000,,450,,43000,,2000,,4000,,21000,,86000,,27000,,33000,,18000,,21000,,8000,,64000,,49000,,14000,,33000,,58000,,12000,,9000,,0,,0,,9000,,7000,,43000,,21000,,12000,,19000,,54000,,27000,,33000,,18000,,21000,,8000,,64000,,49000,,14000,,33000,,58000,,21000,
lep:Cornwall and Isles of Scilly,13000,,700,,15000,,500,,2500,,15000,,40000,,8000,,32000,,4500,,1250,,5000,,12000,,16000,,7000,,18000,,32000,,6000,,4000,,0,,0,,13000,,3500,,15000,,15000,,5000,,7000,,28000,,8000,,32000,,4500,,1250,,5000,,12000,,16000,,7000,,18000,,32000,,10000,
lep:Coventry and Warwickshire,7000,,225,,52000,,7000,,4000,,18000,,72000,,31000,,29000,,16000,,11000,,6000,,39000,,40000,,17000,,45000,,53000,,8000,,13000,,0,,0,,7000,,11000,,52000,,18000,,13000,,21000,,38000,,31000,,29000,,16000,,11000,,6000,,39000,,40000,,17000,,45000,,53000,,21000,
lep:Cumbria,14000,,450,,39000,,1250,,1750,,12000,,42000,,10000,,26000,,3500,,2000,,3500,,13000,,11000,,10000,,16000,,30000,,5000,,4500,,0,,0,,14000,,3000,,39000,,12000,,6000,,7000,,29000,,10000,,26000,,3500,,2000,,3500,,13000,,11000,,10000,,16000,,30000,,10000,
lep:Dorset,8000,,200,,28000,,600,,2500,,18000,,50000,,10000,,32000,,12000,,14000,,11000,,24000,,23000,,12000,,30000,,50000,,9000,,6000,,0,,0,,8000,,3500,,28000,,18000,,7000,,10000,,33000,,10000,,32000,,12000,,14000,,11000,,24000,,23000,,12000,,30000,,50000,,15000,
lep:Gloucestershire,8000,,225,,35000,,2250,,2250,,17000,,44000,,9000,,26000,,16000,,9000,,6000,,23000,,26000,,9000,,24000,,38000,,6000,,4500,,0,,0,,8000,,4500,,35000,,17000,,7000,,11000,,27000,,9000,,26000,,16000,,9000,,6000,,23000,,26000,,9000,,24000,,38000,,11000,
lep:Greater Birmingham and Solihull,4500,,350,,81000,,2500,,5000,,42000,,144000,,57000,,64000,,30000,,33000,,15000,,82000,,131000,,37000,,85000,,126000,,16000,,25000,,0,,0,,4500,,8000,,81000,,42000,,18000,,42000,,83000,,57000,,64000,,30000,,33000,,15000,,82000,,131000,,37000,,85000,,126000,,41000,
lep:Greater Manchester,2250,,250,,107000,,12000,,7000,,54000,,226000,,75000,,80000,,53000,,39000,,29000,,135000,,134000,,56000,,118000,,171000,,27000,,25000,,0,,0,,2250,,19000,,107000,,54000,,24000,,61000,,142000,,75000,,80000,,53000,,39000,,29000,,135000,,134000,,56000,,118000,,171000,,52000,
lep:Heart of the South West,36000,,1250,,72000,,3500,,6000,,41000,,119000,,32000,,71000,,19000,,7000,,16000,,49000,,49000,,30000,,70000,,109000,,14000,,13000,,0,,0,,36000,,10000,,72000,,41000,,18000,,24000,,77000,,32000,,71000,,19000,,7000,,16000,,49000,,49000,,30000,,70000,,109000,,28000,
lep:Lancashire,12000,,300,,89000,,3000,,5000,,35000,,116000,,23000,,44000,,16000,,8000,,9000,,38000,,39000,,32000,,57000,,103000,,13000,,11000,,0,,0,,12000,,9000,,89000,,35000,,15000,,28000,,73000,,23000,,44000,,16000,,8000,,9000,,38000,,39000,,32000,,57000,,103000,,24000,
lep:Leicester and Leicestershire,6000,,1500,,58000,,5000,,2250,,21000,,78000,,37000,,26000,,15000,,10000,,10000,,44000,,35000,,19000,,49000,,54000,,12000,,9000,,0,,0,,6000,,9000,,58000,,21000,,10000,,27000,,41000,,37000,,26000,,15000,,10000,,10000,,44000,,35000,,19000,,49000,,54000,,21000,
lep:Liverpool City Region,1250,,400,,48000,,800,,4000,,23000,,100000,,36000,,47000,,14000,,16000,,13000,,50000,,48000,,40000,,59000,,118000,,18000,,13000,,0,,0,,1250,,5000,,48000,,23000,,9000,,21000,,69000,,36000,,47000,,14000,,16000,,13000,,50000,,48000,,40000,,59000,,118000,,31000,
lep:North East,11000,,1000,,81000,,6000,,5000,,34000,,108000,,35000,,74000,,24000,,18000,,14000,,39000,,65000,,53000,,78000,,128000,,17000,,16000,,0,,0,,11000,,12000,,81000,,34000,,14000,,18000,,76000,,35000,,74000,,24000,,18000,,14000,,39000,,65000,,53000,,78000,,128000,,33000,
lep:Stoke-on-Trent and Staffordshire,11000,,400,,56000,,700,,2500,,25000,,82000,,40000,,30000,,12000,,6000,,5000,,26000,,40000,,16000,,38000,,67000,,12000,,12000,,0,,0,,11000,,4000,,56000,,25000,,12000,,24000,,45000,,40000,,30000,,12000,,6000,,5000,,26000,,40000,,16000,,38000,,67000,,24000,
lep:Swindon and Wiltshire,8000,,100,,29000,,600,,3000,,16000,,53000,,17000,,24000,,13000,,12000,,7000,,31000,,28000,,13000,,26000,,35000,,6000,,6000,,0,,0,,8000,,3500,,29000,,16000,,8000,,15000,,29000,,17000,,24000,,13000,,12000,,7000,,31000,,28000,,13000,,26000,,35000,,12000,
lep:Tees Valley,1500,,1250,,24000,,1500,,2000,,12000,,38000,,16000,,19000,,8000,,5000,,4000,,15000,,19000,,16000,,24000,,51000,,5000,,4000,,0,,0,,1500,,5000,,24000,,12000,,5000,,6000,,27000,,16000,,19000,,8000,,5000,,4000,,15000,,19000,,16000,,24000,,51000,,9000,
lep:Thames Valley Berkshire,3000,,225,,28000,,3500,,6000,,24000,,76000,,21000,,31000,,71000,,10000,,8000,,62000,,47000,,11000,,45000,,47000,,12000,,11000,,0,,0,,3000,,10000,,28000,,24000,,9000,,30000,,38000,,21000,,31000,,71000,,10000,,8000,,62000,,47000,,11000,,45000,,47000,,24000,
lep:The Marches,23000,,500,,37000,,600,,2500,,15000,,52000,,11000,,20000,,8000,,4500,,6000,,19000,,24000,,11000,,25000,,39000,,5000,,8000,,0,,0,,23000,,3500,,37000,,15000,,7000,,15000,,29000,,11000,,20000,,8000,,4500,,6000,,19000,,24000,,11000,,25000,,39000,,13000,
lep:West of England,4000,,125,,36000,,2500,,7000,,31000,,80000,,33000,,42000,,38000,,23000,,13000,,66000,,59000,,37000,,57000,,81000,,12000,,9000,,0,,0,,4000,,9000,,36000,,31000,,12000,,20000,,48000,,33000,,42000,,38000,,23000,,13000,,66000,,59000,,37000,,57000,,81000,,21000,
lep:Worcestershire,7000,,50,,29000,,500,,1750,,13000,,44000,,15000,,17000,,8000,,4000,,7000,,16000,,31000,,9000,,22000,,34000,,5000,,7000,,0,,0,,7000,,2250,,29000,,13000,,6000,,12000,,25000,,15000,,17000,,8000,,4000,,7000,,16000,,31000,,9000,,22000,,34000,,12000,
lep:Buckinghamshire Thames Valley,4500,,35,,18000,,50,,3500,,17000,,44000,,8000,,15000,,16000,,5000,,5000,,22000,,24000,,7000,,22000,,27000,,7000,,5000,,0,,0,,4500,,3500,,18000,,17000,,5000,,18000,,21000,,8000,,15000,,16000,,5000,,5000,,22000,,24000,,7000,,22000,,27000,,12000,
lep:Coast to Capital,10000,,600,,38000,,3500,,4500,,39000,,102000,,39000,,57000,,31000,,32000,,14000,,58000,,59000,,20000,,66000,,100000,,22000,,15000,,0,,0,,10000,,9000,,38000,,39000,,12000,,23000,,68000,,39000,,57000,,31000,,32000,,14000,,58000,,59000,,20000,,66000,,100000,,37000,
"lep:Derby, Derbyshire, Nottingham and Nottinghamshire",14000,,1500,,122000,,6000,,5000,,47000,,149000,,50000,,64000,,33000,,12000,,18000,,68000,,58000,,40000,,85000,,136000,,25000,,15000,,0,,0,,14000,,13000,,122000,,47000,,20000,,38000,,91000,,50000,,64000,,33000,,12000,,18000,,68000,,58000,,40000,,85000,,136000,,39000,
lep:Enterprise M3,10000,,250,,44000,,2000,,3500,,45000,,118000,,25000,,53000,,59000,,24000,,14000,,80000,,54000,,20000,,67000,,90000,,23000,,21000,,0,,0,,10000,,6000,,44000,,45000,,15000,,36000,,67000,,25000,,53000,,59000,,24000,,14000,,80000,,54000,,20000,,67000,,90000,,44000,
lep:Hertfordshire,3500,,150,,33000,,1500,,5000,,47000,,104000,,25000,,40000,,34000,,14000,,9000,,79000,,98000,,13000,,47000,,66000,,13000,,14000,,0,,0,,3500,,7000,,33000,,47000,,12000,,32000,,60000,,25000,,40000,,34000,,14000,,9000,,79000,,98000,,13000,,47000,,66000,,27000,
lep:London,1750,,2500,,116000,,13000,,19000,,177000,,642000,,260000,,391000,,406000,,396000,,135000,,735000,,507000,,239000,,392000,,587000,,127000,,119000,,0,,0,,1750,,35000,,116000,,177000,,34000,,164000,,444000,,260000,,391000,,406000,,396000,,135000,,735000,,507000,,239000,,392000,,587000,,245000,
lep:New Anglia,27000,,700,,62000,,3000,,5000,,44000,,119000,,34000,,60000,,17000,,22000,,11000,,42000,,64000,,31000,,55000,,101000,,17000,,12000,,0,,0,,27000,,9000,,62000,,44000,,17000,,25000,,77000,,34000,,60000,,17000,,22000,,11000,,42000,,64000,,31000,,55000,,101000,,29000,
lep:Oxfordshire,5000,,250,,26000,,900,,2250,,22000,,52000,,14000,,26000,,21000,,5000,,7000,,44000,,29000,,10000,,59000,,45000,,8000,,8000,,0,,0,,5000,,3500,,26000,,22000,,7000,,12000,,33000,,14000,,26000,,21000,,5000,,7000,,44000,,29000,,10000,,59000,,45000,,15000,
lep:Sheffield City Region,3000,,175,,59000,,1000,,5000,,31000,,85000,,35000,,33000,,16000,,14000,,7000,,34000,,52000,,31000,,59000,,86000,,14000,,9000,,0,,0,,3000,,6000,,59000,,31000,,12000,,21000,,52000,,35000,,33000,,16000,,14000,,7000,,34000,,52000,,31000,,59000,,86000,,23000,
lep:Solent,5000,,450,,42000,,5000,,3000,,30000,,77000,,25000,,41000,,18000,,12000,,8000,,34000,,35000,,25000,,52000,,74000,,14000,,10000,,0,,0,,5000,,8000,,42000,,30000,,11000,,14000,,53000,,25000,,41000,,18000,,12000,,8000,,34000,,35000,,25000,,52000,,74000,,25000,
lep:South East,34000,,600,,101000,,3500,,14000,,132000,,277000,,99000,,122000,,48000,,44000,,27000,,118000,,133000,,61000,,152000,,232000,,38000,,33000,,0,,0,,34000,,19000,,101000,,132000,,38000,,63000,,176000,,99000,,122000,,48000,,44000,,27000,,118000,,133000,,61000,,152000,,232000,,71000,
lep:South East Midlands,9000,,150,,68000,,1750,,3500,,39000,,139000,,88000,,47000,,29000,,23000,,17000,,62000,,79000,,26000,,71000,,92000,,21000,,16000,,0,,0,,9000,,5000,,68000,,39000,,22000,,49000,,69000,,88000,,47000,,29000,,23000,,17000,,62000,,79000,,26000,,71000,,92000,,37000,
lep:York and North Yorkshire,21000,,600,,38000,,2250,,1750,,20000,,58000,,16000,,40000,,8000,,9000,,13000,,29000,,34000,,15000,,32000,,43000,,11000,,7000,,0,,0,,21000,,4500,,38000,,20000,,7000,,14000,,37000,,16000,,40000,,8000,,9000,,13000,,29000,,34000,,15000,,32000,,43000,,18000,
lep:Greater Cambridge and Greater Peterborough,9000,,225,,39000,,500,,5000,,21000,,64000,,23000,,28000,,27000,,9000,,6000,,55000,,41000,,14000,,62000,,58000,,8000,,10000,,0,,0,,9000,,6000,,39000,,21000,,10000,,17000,,37000,,23000,,28000,,27000,,9000,,6000,,55000,,41000,,14000,,62000,,58000,,18000,
lep:Greater Lincolnshire,21000,,800,,65000,,1500,,4500,,24000,,77000,,26000,,33000,,8000,,3500,,8000,,21000,,34000,,15000,,39000,,65000,,12000,,8000,,0,,0,,21000,,7000,,65000,,24000,,11000,,20000,,47000,,26000,,33000,,8000,,3500,,8000,,21000,,34000,,15000,,39000,,65000,,20000,
lep:Hull and East Riding,7000,,350,,38000,,500,,2500,,15000,,37000,,10000,,15000,,6000,,2000,,4000,,13000,,24000,,14000,,22000,,33000,,6000,,3500,,0,,0,,7000,,3000,,38000,,15000,,5000,,9000,,23000,,10000,,15000,,6000,,2000,,4000,,13000,,24000,,14000,,22000,,33000,,10000,
lep:Leeds City Region,5000,,500,,105000,,4500,,9000,,53000,,157000,,55000,,57000,,33000,,42000,,25000,,84000,,110000,,44000,,100000,,141000,,24000,,18000,,0,,0,,5000,,14000,,105000,,53000,,20000,,49000,,88000,,55000,,57000,,33000,,42000,,25000,,84000,,110000,,44000,,100000,,141000,,42000,
nuts316:UKC11 Hartlepool and Stockton-on-Tees,450,,600,,14000,,1000,,1000,,7000,,18000,,6000,,8000,,3000,,2500,,1250,,7000,,9000,,6000,,10000,,18000,,2000,,1750,,0,,0,,450,,2500,,14000,,7000,,2500,,3000,,12000,,6000,,8000,,3000,,2500,,1250,,7000,,9000,,6000,,10000,,18000,,3500,
nuts316:UKC12 South Teesside,450,,600,,7000,,450,,700,,4000,,13000,,5000,,7000,,1750,,1250,,2500,,4000,,7000,,6000,,10000,,23000,,2500,,1250,,0,,0,,450,,1750,,7000,,4000,,1500,,2250,,10000,,5000,,7000,,1750,,1250,,2500,,4000,,7000,,6000,,10000,,23000,,3500,
nuts316:UKC13 Darlington,500,,100,,3000,,0,,250,,1500,,7000,,6000,,3500,,3000,,1500,,400,,3500,,3000,,4500,,3500,,10000,,900,,1000,,0,,0,,500,,400,,3000,,1500,,1000,,900,,5000,,6000,,3500,,3000,,1500,,400,,3500,,3000,,4500,,3500,,10000,,1750,
nuts316:UKC14 Durham CC,4500,,500,,23000,,700,,2000,,9000,,25000,,9000,,15000,,1750,,2000,,2500,,6000,,10000,,14000,,21000,,25000,,3500,,3500,,0,,0,,4500,,3000,,23000,,9000,,3000,,5000,,17000,,9000,,15000,,1750,,2000,,2500,,6000,,10000,,14000,,21000,,25000,,7000,
nuts316:UKC21 Northumberland,6000,,300,,11000,,500,,1750,,5000,,16000,,4000,,14000,,1250,,1000,,1750,,6000,,5000,,4000,,8000,,19000,,2250,,3000,,0,,0,,6000,,2500,,11000,,5000,,1750,,2500,,12000,,4000,,14000,,1250,,1000,,1750,,6000,,5000,,4000,,8000,,19000,,5000,
nuts316:UKC22 Tyneside,450,,150,,27000,,1000,,1250,,15000,,52000,,16000,,38000,,19000,,10000,,8000,,24000,,40000,,28000,,38000,,65000,,9000,,8000,,0,,0,,450,,2500,,27000,,15000,,7000,,9000,,37000,,16000,,38000,,19000,,10000,,8000,,24000,,40000,,28000,,38000,,65000,,17000,
nuts316:UKC23 Sunderland,175,,30,,20000,,3500,,600,,5000,,15000,,7000,,8000,,2500,,5000,,1250,,3000,,11000,,7000,,10000,,19000,,2000,,1500,,0,,0,,175,,4000,,20000,,5000,,2000,,1750,,11000,,7000,,8000,,2500,,5000,,1250,,3000,,11000,,7000,,10000,,19000,,3500,
nuts316:UKD11 West Cumbria,4500,,225,,25000,,700,,900,,5000,,15000,,2500,,8000,,1250,,600,,900,,5000,,4000,,4500,,7000,,12000,,1750,,1750,,0,,0,,4500,,1750,,25000,,5000,,2000,,1750,,11000,,2500,,8000,,1250,,600,,900,,5000,,4000,,4500,,7000,,12000,,3500,
nuts316:UKD12 East Cumbria,9000,,225,,13000,,450,,800,,7000,,27000,,7000,,18000,,2000,,1500,,2500,,8000,,7000,,6000,,9000,,18000,,3000,,3000,,0,,0,,9000,,1500,,13000,,7000,,4500,,5000,,18000,,7000,,18000,,2000,,1500,,2500,,8000,,7000,,6000,,9000,,18000,,6000,
nuts316:UKD33 Manchester,200,,20,,15000,,900,,800,,8000,,51000,,28000,,30000,,20000,,18000,,10000,,56000,,50000,,20000,,41000,,50000,,7000,,7000,,0,,0,,200,,1750,,15000,,8000,,2250,,12000,,36000,,28000,,30000,,20000,,18000,,10000,,56000,,50000,,20000,,41000,,50000,,14000,
nuts316:UKD34 Greater Manchester South West,300,,75,,16000,,1750,,2250,,14000,,48000,,12000,,15000,,18000,,10000,,7000,,36000,,37000,,11000,,20000,,26000,,9000,,5000,,0,,0,,300,,4000,,16000,,14000,,5000,,15000,,28000,,12000,,15000,,18000,,10000,,7000,,36000,,37000,,11000,,20000,,26000,,14000,
nuts316:UKD35 Greater Manchester South East,350,,75,,22000,,8000,,1250,,8000,,37000,,8000,,11000,,7000,,5000,,4000,,17000,,15000,,7000,,16000,,31000,,3500,,4000,,0,,0,,350,,9000,,22000,,8000,,4500,,10000,,22000,,8000,,11000,,7000,,5000,,4000,,17000,,15000,,7000,,16000,,31000,,8000,
nuts316:UKD36 Greater Manchester North West,600,,35,,26000,,1250,,1500,,13000,,43000,,13000,,12000,,4000,,4500,,3000,,15000,,17000,,9000,,18000,,32000,,4500,,4500,,0,,0,,600,,3000,,26000,,13000,,5000,,11000,,27000,,13000,,12000,,4000,,4500,,3000,,15000,,17000,,9000,,18000,,32000,,9000,
nuts316:UKD37 Greater Manchester North East,800,,45,,28000,,600,,1250,,11000,,47000,,13000,,12000,,4500,,1750,,4500,,12000,,15000,,8000,,23000,,32000,,3500,,4000,,0,,0,,800,,2000,,28000,,11000,,6000,,12000,,28000,,13000,,12000,,4500,,1750,,4500,,12000,,15000,,8000,,23000,,32000,,7000,
nuts316:UKD41 Blackburn with Darwen,250,,0,,11000,,35,,400,,1500,,12000,,2500,,2500,,2000,,600,,1250,,4500,,4500,,3500,,6000,,13000,,1250,,1250,,0,,0,,250,,450,,11000,,1500,,1500,,4000,,7000,,2500,,2500,,2000,,600,,1250,,4500,,4500,,3500,,6000,,13000,,2500,
nuts316:UKD42 Blackpool,100,,0,,4000,,250,,200,,1250,,10000,,1750,,7000,,900,,600,,600,,2250,,3000,,8000,,4500,,17000,,3000,,700,,0,,0,,100,,450,,4000,,1250,,1000,,1250,,8000,,1750,,7000,,900,,600,,600,,2250,,3000,,8000,,4500,,17000,,4000,
nuts316:UKD44 Lancaster and Wyre,3000,,30,,7000,,1750,,700,,4500,,16000,,3000,,8000,,2000,,1000,,1250,,6000,,3500,,2250,,12000,,14000,,1750,,1750,,0,,0,,3000,,2500,,7000,,4500,,2250,,3000,,11000,,3000,,8000,,2000,,1000,,1250,,6000,,3500,,2250,,12000,,14000,,3500,
nuts316:UKD45 Mid Lancashire,3500,,250,,29000,,500,,3000,,18000,,36000,,8000,,13000,,5000,,3500,,3500,,16000,,17000,,12000,,15000,,29000,,3500,,3000,,0,,0,,3500,,3500,,29000,,18000,,5000,,11000,,20000,,8000,,13000,,5000,,3500,,3500,,16000,,17000,,12000,,15000,,29000,,6000,
nuts316:UKD46 East Lancashire,1250,,20,,27000,,400,,700,,4500,,27000,,4000,,6000,,3000,,1000,,1500,,5000,,6000,,2250,,11000,,16000,,2250,,2250,,0,,0,,1250,,1000,,27000,,4500,,3000,,6000,,18000,,4000,,6000,,3000,,1000,,1500,,5000,,6000,,2250,,11000,,16000,,4500,
nuts316:UKD47 Chorley and West Lancashire,3500,,15,,11000,,10,,600,,4500,,16000,,4500,,7000,,2500,,1250,,1000,,5000,,4500,,3500,,8000,,14000,,1500,,2000,,0,,0,,3500,,600,,11000,,4500,,2500,,4000,,9000,,4500,,7000,,2500,,1250,,1000,,5000,,4500,,3500,,8000,,14000,,3500,
nuts316:UKD61 Warrington,350,,10,,7000,,1000,,1750,,8000,,21000,,11000,,6000,,6000,,1500,,2250,,23000,,21000,,5000,,7000,,17000,,2250,,2000,,0,,0,,350,,3000,,7000,,8000,,3500,,6000,,11000,,11000,,6000,,6000,,1500,,2250,,23000,,21000,,5000,,7000,,17000,,4000,
nuts316:UKD62 Cheshire East,5000,,200,,23000,,450,,1250,,7000,,33000,,9000,,13000,,8000,,9000,,3000,,25000,,15000,,3500,,13000,,23000,,4500,,4000,,0,,0,,5000,,2000,,23000,,7000,,4500,,8000,,20000,,9000,,13000,,8000,,9000,,3000,,25000,,15000,,3500,,13000,,23000,,9000,
nuts316:UKD63 Cheshire West and Chester,3500,,225,,14000,,500,,1250,,6000,,32000,,7000,,13000,,4500,,11000,,2500,,16000,,13000,,6000,,14000,,19000,,5000,,3000,,0,,0,,3500,,2000,,14000,,6000,,4500,,5000,,23000,,7000,,13000,,4500,,11000,,2500,,16000,,13000,,6000,,14000,,19000,,8000,
nuts316:UKD71 East Merseyside,700,,400,,24000,,225,,2250,,9000,,31000,,17000,,9000,,3500,,2500,,3000,,15000,,19000,,6000,,13000,,32000,,3500,,4000,,0,,0,,700,,2500,,24000,,9000,,3000,,8000,,20000,,17000,,9000,,3500,,2500,,3000,,15000,,19000,,6000,,13000,,32000,,8000,
nuts316:UKD72 Liverpool,125,,10,,11000,,500,,1000,,7000,,35000,,12000,,22000,,7000,,9000,,7000,,20000,,18000,,20000,,27000,,47000,,10000,,4500,,0,,0,,125,,1500,,11000,,7000,,3000,,8000,,24000,,12000,,22000,,7000,,9000,,7000,,20000,,18000,,20000,,27000,,47000,,14000,
nuts316:UKD73 Sefton,200,,5,,5000,,100,,350,,4000,,17000,,4000,,9000,,1250,,4500,,1000,,7000,,6000,,9000,,9000,,17000,,2000,,2000,,0,,0,,200,,450,,5000,,4000,,1750,,2500,,13000,,4000,,9000,,1250,,4500,,1000,,7000,,6000,,9000,,9000,,17000,,4000,
nuts316:UKD74 Wirral,250,,0,,8000,,15,,800,,3500,,16000,,3000,,6000,,1750,,900,,1750,,9000,,5000,,4500,,10000,,23000,,3000,,2500,,0,,0,,250,,800,,8000,,3500,,1750,,2500,,12000,,3000,,6000,,1750,,900,,1750,,9000,,5000,,4500,,10000,,23000,,5000,
"nuts316:UKE11 Kingston upon Hull, City of",200,,0,,20000,,175,,800,,7000,,17000,,5000,,6000,,3000,,1250,,2250,,5000,,16000,,6000,,11000,,17000,,3000,,1500,,0,,0,,200,,1000,,20000,,7000,,2250,,4000,,11000,,5000,,6000,,3000,,1250,,2250,,5000,,16000,,6000,,11000,,17000,,4500,
nuts316:UKE12 East Riding of Yorkshire,7000,,350,,19000,,300,,1500,,7000,,20000,,5000,,9000,,2500,,900,,2000,,8000,,8000,,8000,,11000,,16000,,3500,,2250,,0,,0,,7000,,2250,,19000,,7000,,3000,,5000,,12000,,5000,,9000,,2500,,900,,2000,,8000,,8000,,8000,,11000,,16000,,5000,
nuts316:UKE13 North and North East Lincolnshire,2000,,200,,29000,,900,,1250,,9000,,21000,,12000,,8000,,900,,1000,,1750,,6000,,11000,,4000,,11000,,20000,,3000,,2000,,0,,0,,2000,,2250,,29000,,9000,,4000,,4000,,13000,,12000,,8000,,900,,1000,,1750,,6000,,11000,,4000,,11000,,20000,,5000,
nuts316:UKE21 York,700,,0,,4000,,100,,300,,4000,,17000,,5000,,10000,,3000,,4000,,6000,,9000,,10000,,6000,,12000,,15000,,2250,,2500,,0,,0,,700,,400,,4000,,4000,,1750,,2000,,13000,,5000,,10000,,3000,,4000,,6000,,9000,,10000,,6000,,12000,,15000,,4500,
nuts316:UKE22 North Yorkshire CC,20000,,600,,34000,,2250,,1500,,16000,,41000,,11000,,30000,,4500,,5000,,8000,,20000,,24000,,9000,,20000,,28000,,8000,,5000,,0,,0,,20000,,4500,,34000,,16000,,5000,,12000,,24000,,11000,,30000,,4500,,5000,,8000,,20000,,24000,,9000,,20000,,28000,,13000,
"nuts316:UKE31 Barnsley, Doncaster and Rotherham",2250,,175,,39000,,800,,3500,,22000,,47000,,25000,,17000,,6000,,5000,,3500,,14000,,29000,,15000,,26000,,45000,,7000,,4500,,0,,0,,2250,,4500,,39000,,22000,,8000,,12000,,28000,,25000,,17000,,6000,,5000,,3500,,14000,,29000,,15000,,26000,,45000,,12000,
nuts316:UKE32 Sheffield,600,,15,,20000,,300,,1250,,10000,,38000,,10000,,16000,,10000,,9000,,3500,,20000,,23000,,16000,,33000,,41000,,7000,,4500,,0,,0,,600,,1750,,20000,,10000,,4500,,9000,,24000,,10000,,16000,,10000,,9000,,3500,,20000,,23000,,16000,,33000,,41000,,11000,
nuts316:UKE41 Bradford,1000,,100,,24000,,150,,3000,,8000,,34000,,8000,,10000,,4000,,7000,,8000,,13000,,13000,,9000,,21000,,33000,,4000,,3000,,0,,0,,1000,,3000,,24000,,8000,,4500,,10000,,19000,,8000,,10000,,4000,,7000,,8000,,13000,,13000,,9000,,21000,,33000,,7000,
nuts316:UKE42 Leeds,1250,,125,,26000,,3500,,3500,,21000,,54000,,21000,,24000,,23000,,25000,,9000,,50000,,61000,,17000,,43000,,57000,,11000,,9000,,0,,0,,1250,,7000,,26000,,21000,,7000,,16000,,31000,,21000,,24000,,23000,,25000,,9000,,50000,,61000,,17000,,43000,,57000,,20000,
nuts316:UKE44 Calderdale and Kirklees,2000,,175,,37000,,200,,1250,,14000,,43000,,10000,,15000,,4500,,9000,,5000,,14000,,21000,,8000,,25000,,28000,,6000,,4500,,0,,0,,2000,,1750,,37000,,14000,,6000,,13000,,25000,,10000,,15000,,4500,,9000,,5000,,14000,,21000,,8000,,25000,,28000,,11000,
nuts316:UKE45 Wakefield,600,,100,,18000,,800,,1000,,9000,,26000,,16000,,8000,,2000,,1500,,3000,,7000,,15000,,10000,,12000,,22000,,2500,,2000,,0,,0,,600,,2000,,18000,,9000,,4000,,10000,,12000,,16000,,8000,,2000,,1500,,3000,,7000,,15000,,10000,,12000,,22000,,4500,
nuts316:UKF11 Derby,350,,100,,28000,,200,,1000,,4500,,17000,,6000,,9000,,4500,,1250,,3000,,12000,,11000,,5000,,12000,,22000,,2500,,1750,,0,,0,,350,,1250,,28000,,4500,,3000,,3500,,11000,,6000,,9000,,4500,,1250,,3000,,12000,,11000,,5000,,12000,,22000,,4500,
nuts316:UKF12 East Derbyshire,1500,,5,,15000,,400,,700,,6000,,20000,,8000,,7000,,3500,,1750,,1500,,7000,,6000,,2500,,8000,,18000,,2250,,2000,,0,,0,,1500,,1000,,15000,,6000,,3500,,6000,,10000,,8000,,7000,,3500,,1750,,1500,,7000,,6000,,2500,,8000,,18000,,4500,
nuts316:UKF13 South and West Derbyshire,6000,,1000,,32000,,25,,1500,,11000,,30000,,11000,,17000,,4500,,1000,,4000,,12000,,8000,,8000,,15000,,19000,,6000,,3000,,0,,0,,6000,,2500,,32000,,11000,,4000,,8000,,17000,,11000,,17000,,4500,,1000,,4000,,12000,,8000,,8000,,15000,,19000,,9000,
nuts316:UKF14 Nottingham,75,,0,,9000,,3500,,500,,5000,,31000,,7000,,12000,,11000,,5000,,5000,,17000,,17000,,12000,,23000,,32000,,5000,,2500,,0,,0,,75,,4000,,9000,,5000,,2500,,6000,,22000,,7000,,12000,,11000,,5000,,5000,,17000,,17000,,12000,,23000,,32000,,8000,
nuts316:UKF15 North Nottinghamshire,3500,,100,,27000,,1250,,900,,13000,,33000,,14000,,13000,,4500,,1750,,2500,,10000,,12000,,6000,,15000,,31000,,5000,,3000,,0,,0,,3500,,2250,,27000,,13000,,5000,,9000,,19000,,14000,,13000,,4500,,1750,,2500,,10000,,12000,,6000,,15000,,31000,,8000,
nuts316:UKF16 South Nottinghamshire,1750,,150,,11000,,800,,600,,7000,,19000,,3500,,7000,,5000,,1000,,2500,,10000,,5000,,6000,,12000,,13000,,4000,,2000,,0,,0,,1750,,1500,,11000,,7000,,1750,,6000,,11000,,3500,,7000,,5000,,1000,,2500,,10000,,5000,,6000,,12000,,13000,,6000,
nuts316:UKF21 Leicester,150,,0,,19000,,500,,600,,4000,,25000,,4500,,7000,,5000,,4500,,3000,,9000,,14000,,9000,,22000,,31000,,4000,,3500,,0,,0,,150,,1250,,19000,,4000,,3000,,8000,,14000,,4500,,7000,,5000,,4500,,3000,,9000,,14000,,9000,,22000,,31000,,7000,
nuts316:UKF22 Leicestershire CC and Rutland,7000,,1750,,40000,,4500,,1750,,18000,,56000,,33000,,20000,,10000,,6000,,7000,,36000,,22000,,10000,,30000,,25000,,8000,,6000,,0,,0,,7000,,8000,,40000,,18000,,7000,,20000,,29000,,33000,,20000,,10000,,6000,,7000,,36000,,22000,,10000,,30000,,25000,,14000,
nuts316:UKF24 West Northamptonshire,3500,,10,,17000,,600,,700,,10000,,34000,,27000,,12000,,7000,,9000,,4000,,16000,,19000,,7000,,15000,,26000,,7000,,4500,,0,,0,,3500,,1250,,17000,,10000,,5000,,13000,,16000,,27000,,12000,,7000,,9000,,4000,,16000,,19000,,7000,,15000,,26000,,11000,
nuts316:UKF25 North Northamptonshire,2000,,75,,20000,,200,,900,,7000,,32000,,22000,,8000,,3000,,1250,,2500,,9000,,11000,,2500,,11000,,17000,,4000,,2500,,0,,0,,2000,,1250,,20000,,7000,,3500,,14000,,15000,,22000,,8000,,3000,,1250,,2500,,9000,,11000,,2500,,11000,,17000,,7000,
nuts316:UKF30 Lincolnshire,18000,,350,,35000,,600,,3000,,15000,,54000,,13000,,23000,,6000,,2500,,6000,,14000,,23000,,11000,,26000,,43000,,9000,,5000,,0,,0,,18000,,4000,,35000,,15000,,7000,,15000,,32000,,13000,,23000,,6000,,2500,,6000,,14000,,23000,,11000,,26000,,43000,,14000,
"nuts316:UKG11 Herefordshire, County of",11000,,150,,11000,,175,,500,,4500,,14000,,2000,,6000,,1500,,900,,1750,,4500,,6000,,1500,,7000,,12000,,1500,,2000,,0,,0,,11000,,900,,11000,,4500,,2000,,3000,,9000,,2000,,6000,,1500,,900,,1750,,4500,,6000,,1500,,7000,,12000,,3500,
nuts316:UKG12 Worcestershire,7000,,50,,29000,,500,,1750,,13000,,44000,,15000,,17000,,8000,,4000,,7000,,16000,,31000,,9000,,22000,,34000,,5000,,7000,,0,,0,,7000,,2250,,29000,,13000,,6000,,12000,,25000,,15000,,17000,,8000,,4000,,7000,,16000,,31000,,9000,,22000,,34000,,12000,
nuts316:UKG13 Warwickshire,6000,,200,,36000,,4500,,1500,,14000,,49000,,22000,,21000,,12000,,6000,,4000,,28000,,25000,,10000,,21000,,31000,,5000,,9000,,0,,0,,6000,,6000,,36000,,14000,,9000,,15000,,25000,,22000,,21000,,12000,,6000,,4000,,28000,,25000,,10000,,21000,,31000,,15000,
nuts316:UKG21 Telford and Wrekin,700,,50,,15000,,150,,800,,3000,,15000,,3500,,4500,,4000,,2250,,1500,,4500,,10000,,5000,,7000,,8000,,1250,,2250,,0,,0,,700,,1000,,15000,,3000,,1500,,6000,,7000,,3500,,4500,,4000,,2250,,1500,,4500,,10000,,5000,,7000,,8000,,3500,
nuts316:UKG22 Shropshire CC,11000,,350,,12000,,225,,1250,,8000,,22000,,5000,,10000,,2500,,1500,,3000,,10000,,8000,,5000,,11000,,19000,,2500,,3500,,0,,0,,11000,,1750,,12000,,8000,,3500,,6000,,13000,,5000,,10000,,2500,,1500,,3000,,10000,,8000,,5000,,11000,,19000,,6000,
nuts316:UKG23 Stoke-on-Trent,75,,75,,14000,,300,,450,,4500,,19000,,11000,,5000,,4500,,1750,,1000,,4500,,9000,,4000,,9000,,24000,,4000,,2250,,0,,0,,75,,900,,14000,,4500,,3500,,4000,,12000,,11000,,5000,,4500,,1750,,1000,,4500,,9000,,4000,,9000,,24000,,6000,
nuts316:UKG24 Staffordshire CC,11000,,300,,42000,,400,,2250,,20000,,62000,,29000,,25000,,8000,,4500,,4500,,22000,,32000,,12000,,29000,,43000,,8000,,9000,,0,,0,,11000,,3000,,42000,,20000,,9000,,20000,,33000,,29000,,25000,,8000,,4500,,4500,,22000,,32000,,12000,,29000,,43000,,18000,
nuts316:UKG31 Birmingham,300,,20,,34000,,1250,,3000,,19000,,73000,,24000,,34000,,15000,,24000,,8000,,52000,,49000,,26000,,54000,,83000,,9000,,15000,,0,,0,,300,,4500,,34000,,19000,,8000,,21000,,44000,,24000,,34000,,15000,,24000,,8000,,52000,,49000,,26000,,54000,,83000,,24000,
nuts316:UKG32 Solihull,200,,175,,12000,,800,,200,,6000,,15000,,8000,,10000,,7000,,4000,,3000,,12000,,40000,,4500,,9000,,9000,,1750,,2500,,0,,0,,200,,1250,,12000,,6000,,2000,,2500,,10000,,8000,,10000,,7000,,4000,,3000,,12000,,40000,,4500,,9000,,9000,,4000,
nuts316:UKG33 Coventry,100,,40,,16000,,2250,,3000,,4000,,24000,,9000,,8000,,4000,,5000,,2250,,11000,,16000,,7000,,24000,,22000,,2500,,4000,,0,,0,,100,,5000,,16000,,4000,,4500,,6000,,13000,,9000,,8000,,4000,,5000,,2250,,11000,,16000,,7000,,24000,,22000,,6000,
nuts316:UKG36 Dudley,100,,20,,15000,,400,,600,,7000,,23000,,5000,,6000,,2000,,1500,,3000,,6000,,5000,,4500,,10000,,19000,,2000,,2500,,0,,0,,100,,1000,,15000,,7000,,3000,,7000,,13000,,5000,,6000,,2000,,1500,,3000,,6000,,5000,,4500,,10000,,19000,,5000,
nuts316:UKG37 Sandwell,50,,0,,20000,,1000,,1000,,7000,,24000,,10000,,6000,,1250,,1250,,2250,,5000,,8000,,2250,,10000,,18000,,1750,,4500,,0,,0,,50,,2250,,20000,,7000,,3500,,9000,,12000,,10000,,6000,,1250,,1250,,2250,,5000,,8000,,2250,,10000,,18000,,6000,
nuts316:UKG38 Walsall,75,,20,,13000,,250,,1000,,4000,,20000,,8000,,5000,,1250,,2500,,1750,,4000,,10000,,3000,,10000,,13000,,1750,,2250,,0,,0,,75,,1250,,13000,,4000,,2250,,6000,,12000,,8000,,5000,,1250,,2500,,1750,,4000,,10000,,3000,,10000,,13000,,4000,
nuts316:UKG39 Wolverhampton,45,,10,,12000,,200,,1000,,4500,,19000,,6000,,5000,,2000,,3500,,2250,,4500,,6000,,4000,,11000,,20000,,2500,,2000,,0,,0,,45,,1250,,12000,,4500,,2500,,6000,,10000,,6000,,5000,,2000,,3500,,2250,,4500,,6000,,4000,,11000,,20000,,4500,
nuts316:UKH11 Peterborough,700,,125,,8000,,200,,1250,,4500,,22000,,10000,,5000,,6000,,5000,,1750,,5000,,14000,,3500,,8000,,15000,,2000,,1500,,0,,0,,700,,1500,,8000,,4500,,4000,,6000,,12000,,10000,,5000,,6000,,5000,,1750,,5000,,14000,,3500,,8000,,15000,,3500,
nuts316:UKH12 Cambridgeshire CC,9000,,100,,31000,,300,,4000,,16000,,43000,,13000,,23000,,22000,,4000,,4500,,50000,,28000,,10000,,54000,,42000,,6000,,8000,,0,,0,,9000,,4500,,31000,,16000,,6000,,11000,,25000,,13000,,23000,,22000,,4000,,4500,,50000,,28000,,10000,,54000,,42000,,14000,
nuts316:UKH14 Suffolk,11000,,75,,29000,,2500,,2250,,21000,,54000,,21000,,25000,,10000,,9000,,4500,,19000,,38000,,14000,,24000,,42000,,8000,,5000,,0,,0,,11000,,5000,,29000,,21000,,8000,,11000,,34000,,21000,,25000,,10000,,9000,,4500,,19000,,38000,,14000,,24000,,42000,,14000,
nuts316:UKH15 Norwich and East Norfolk,2250,,400,,11000,,225,,1000,,9000,,31000,,6000,,17000,,4500,,10000,,3500,,12000,,12000,,10000,,16000,,24000,,4500,,3500,,0,,0,,2250,,1500,,11000,,9000,,4000,,6000,,20000,,6000,,17000,,4500,,10000,,3500,,12000,,12000,,10000,,16000,,24000,,8000,
nuts316:UKH16 North and West Norfolk,7000,,175,,10000,,150,,800,,6000,,17000,,3500,,11000,,1000,,1750,,1500,,4000,,6000,,3000,,7000,,14000,,2250,,1250,,0,,0,,7000,,1000,,10000,,6000,,2500,,3000,,12000,,3500,,11000,,1000,,1750,,1500,,4000,,6000,,3000,,7000,,14000,,3500,
nuts316:UKH17 Breckland and South Norfolk,7000,,75,,12000,,200,,1000,,7000,,17000,,4000,,7000,,1500,,1000,,1500,,7000,,8000,,4500,,7000,,22000,,1750,,1750,,0,,0,,7000,,1250,,12000,,7000,,2250,,4000,,10000,,4000,,7000,,1500,,1000,,1500,,7000,,8000,,4500,,7000,,22000,,3500,
nuts316:UKH21 Luton,100,,0,,7000,,20,,200,,5000,,11000,,10000,,4500,,2250,,600,,2000,,6000,,18000,,3000,,8000,,14000,,1500,,1250,,0,,0,,100,,225,,7000,,5000,,1500,,3500,,6000,,10000,,4500,,2250,,600,,2000,,6000,,18000,,3000,,8000,,14000,,2500,
nuts316:UKH23 Hertfordshire,3500,,150,,33000,,1500,,5000,,47000,,104000,,25000,,40000,,34000,,14000,,9000,,79000,,98000,,13000,,47000,,66000,,13000,,14000,,0,,0,,3500,,7000,,33000,,47000,,12000,,32000,,60000,,25000,,40000,,34000,,14000,,9000,,79000,,98000,,13000,,47000,,66000,,27000,
nuts316:UKH24 Bedford,1000,,10,,5000,,600,,700,,5000,,14000,,6000,,5000,,2250,,1250,,2000,,6000,,7000,,4500,,7000,,12000,,1500,,1250,,0,,0,,1000,,1250,,5000,,5000,,3000,,3500,,7000,,6000,,5000,,2250,,1250,,2000,,6000,,7000,,4500,,7000,,12000,,3000,
nuts316:UKH25 Central Bedfordshire,2000,,75,,10000,,45,,250,,7000,,19000,,8000,,8000,,3000,,1000,,2500,,10000,,9000,,3000,,10000,,7000,,2500,,2250,,0,,0,,2000,,350,,10000,,7000,,4000,,5000,,10000,,8000,,8000,,3000,,1000,,2500,,10000,,9000,,3000,,10000,,7000,,5000,
nuts316:UKH31 Southend-on-Sea,225,,0,,3500,,40,,125,,3000,,10000,,1750,,6000,,1500,,1750,,1000,,5000,,6000,,3500,,6000,,12000,,2000,,1000,,0,,0,,225,,150,,3500,,3000,,1250,,1500,,7000,,1750,,6000,,1500,,1750,,1000,,5000,,6000,,3500,,6000,,12000,,3000,
nuts316:UKH32 Thurrock,225,,10,,3000,,200,,1250,,6000,,16000,,17000,,4500,,1000,,600,,700,,2500,,6000,,2500,,5000,,6000,,900,,800,,0,,0,,225,,1500,,3000,,6000,,3000,,3000,,11000,,17000,,4500,,1000,,600,,700,,2500,,6000,,2500,,5000,,6000,,1750,
nuts316:UKH34 Essex Haven Gateway,4000,,125,,12000,,300,,2500,,13000,,33000,,8000,,14000,,4500,,4500,,3500,,15000,,12000,,5000,,18000,,28000,,4000,,3000,,0,,0,,4000,,3000,,12000,,13000,,6000,,7000,,21000,,8000,,14000,,4500,,4500,,3500,,15000,,12000,,5000,,18000,,28000,,7000,
nuts316:UKH35 West Essex,3000,,100,,8000,,50,,1500,,14000,,22000,,14000,,10000,,4000,,1750,,2000,,11000,,17000,,3500,,10000,,16000,,3000,,2250,,0,,0,,3000,,1750,,8000,,14000,,2500,,7000,,12000,,14000,,10000,,4000,,1750,,2000,,11000,,17000,,3500,,10000,,16000,,5000,
nuts316:UKH36 Heart of Essex,2250,,50,,8000,,75,,1250,,14000,,23000,,6000,,10000,,7000,,5000,,2000,,13000,,12000,,6000,,11000,,20000,,3000,,3500,,0,,0,,2250,,1500,,8000,,14000,,3500,,5000,,15000,,6000,,10000,,7000,,5000,,2000,,13000,,12000,,6000,,11000,,20000,,6000,
nuts316:UKH37 Essex Thames Gateway,450,,0,,9000,,150,,1250,,12000,,25000,,8000,,8000,,5000,,4500,,2000,,12000,,11000,,3000,,11000,,18000,,2500,,2250,,0,,0,,450,,1500,,9000,,12000,,3500,,6000,,16000,,8000,,8000,,5000,,4500,,2000,,12000,,11000,,3000,,11000,,18000,,5000,
nuts316:UKI31 Camden and City of London,100,,200,,6000,,4500,,500,,18000,,46000,,15000,,47000,,100000,,205000,,18000,,207000,,99000,,15000,,39000,,61000,,16000,,19000,,0,,0,,100,,5000,,6000,,18000,,700,,15000,,30000,,15000,,47000,,100000,,205000,,18000,,207000,,99000,,15000,,39000,,61000,,36000,
nuts316:UKI32 Westminster,100,,1250,,7000,,2500,,150,,14000,,81000,,12000,,81000,,67000,,55000,,34000,,122000,,54000,,77000,,33000,,41000,,21000,,22000,,0,,0,,100,,4000,,7000,,14000,,450,,18000,,63000,,12000,,81000,,67000,,55000,,34000,,122000,,54000,,77000,,33000,,41000,,44000,
nuts316:UKI33 Kensington & Chelsea and Hammersmith & Fulham,75,,125,,3500,,500,,600,,4000,,51000,,6000,,29000,,37000,,5000,,8000,,28000,,24000,,8000,,16000,,38000,,10000,,6000,,0,,0,,75,,1250,,3500,,4000,,1250,,12000,,37000,,6000,,29000,,37000,,5000,,8000,,28000,,24000,,8000,,16000,,38000,,15000,
nuts316:UKI34 Wandsworth,15,,5,,1750,,40,,500,,4000,,18000,,4500,,10000,,4500,,1250,,3000,,12000,,10000,,4000,,13000,,27000,,4000,,3000,,0,,0,,15,,500,,1750,,4000,,700,,5000,,12000,,4500,,10000,,4500,,1250,,3000,,12000,,10000,,4000,,13000,,27000,,7000,
nuts316:UKI41 Hackney and Newham,25,,20,,7000,,700,,2000,,10000,,35000,,13000,,20000,,19000,,5000,,8000,,32000,,22000,,15000,,25000,,28000,,6000,,6000,,0,,0,,25,,2500,,7000,,10000,,1000,,5000,,29000,,13000,,20000,,19000,,5000,,8000,,32000,,22000,,15000,,25000,,28000,,11000,
nuts316:UKI42 Tower Hamlets,20,,25,,2500,,450,,500,,6000,,19000,,7000,,15000,,26000,,67000,,6000,,47000,,31000,,11000,,18000,,30000,,3000,,4000,,0,,0,,20,,1000,,2500,,6000,,400,,6000,,13000,,7000,,15000,,26000,,67000,,6000,,47000,,31000,,11000,,18000,,30000,,7000,
nuts316:UKI43 Haringey and Islington,40,,50,,6000,,250,,800,,10000,,33000,,12000,,23000,,34000,,15000,,8000,,59000,,27000,,8000,,19000,,28000,,8000,,7000,,0,,0,,40,,1000,,6000,,10000,,900,,8000,,24000,,12000,,23000,,34000,,15000,,8000,,59000,,27000,,8000,,19000,,28000,,15000,
nuts316:UKI44 Lewisham and Southwark,175,,20,,4000,,1250,,600,,7000,,27000,,15000,,21000,,25000,,8000,,8000,,63000,,34000,,18000,,27000,,40000,,7000,,9000,,0,,0,,175,,2000,,4000,,7000,,1250,,5000,,20000,,15000,,21000,,25000,,8000,,8000,,63000,,34000,,18000,,27000,,40000,,16000,
nuts316:UKI45 Lambeth,125,,50,,1250,,450,,1000,,4500,,12000,,5000,,14000,,10000,,1750,,3000,,14000,,13000,,9000,,11000,,38000,,5000,,4000,,0,,0,,125,,1500,,1250,,4500,,450,,2250,,10000,,5000,,14000,,10000,,1750,,3000,,14000,,13000,,9000,,11000,,38000,,9000,
nuts316:UKI51 Bexley and Greenwich,50,,100,,8000,,400,,2500,,10000,,27000,,12000,,11000,,5000,,1250,,2500,,10000,,14000,,8000,,20000,,23000,,4500,,3500,,0,,0,,50,,3000,,8000,,10000,,2500,,5000,,19000,,12000,,11000,,5000,,1250,,2500,,10000,,14000,,8000,,20000,,23000,,8000,
nuts316:UKI52 Barking & Dagenham and Havering,100,,125,,8000,,45,,1750,,11000,,26000,,13000,,8000,,2500,,2500,,1500,,7000,,15000,,5000,,15000,,23000,,3000,,2500,,0,,0,,100,,1750,,8000,,11000,,3000,,8000,,15000,,13000,,8000,,2500,,2500,,1500,,7000,,15000,,5000,,15000,,23000,,5000,
nuts316:UKI53 Redbridge and Waltham Forest,50,,5,,4500,,175,,800,,9000,,26000,,8000,,9000,,5000,,1750,,3000,,11000,,16000,,8000,,20000,,23000,,3500,,3000,,0,,0,,50,,1000,,4500,,9000,,1750,,7000,,18000,,8000,,9000,,5000,,1750,,3000,,11000,,16000,,8000,,20000,,23000,,7000,
nuts316:UKI54 Enfield,45,,0,,5000,,50,,900,,7000,,22000,,9000,,7000,,3000,,1500,,1750,,5000,,9000,,4000,,10000,,17000,,2000,,2250,,0,,0,,45,,1000,,5000,,7000,,1750,,7000,,13000,,9000,,7000,,3000,,1500,,1750,,5000,,9000,,4000,,10000,,17000,,4500,
nuts316:UKI61 Bromley,250,,5,,2500,,400,,700,,7000,,16000,,4000,,7000,,3500,,5000,,2500,,10000,,12000,,2500,,12000,,17000,,4500,,2250,,0,,0,,250,,1250,,2500,,7000,,1500,,2000,,12000,,4000,,7000,,3500,,5000,,2500,,10000,,12000,,2500,,12000,,17000,,7000,
nuts316:UKI62 Croydon,125,,0,,2250,,600,,500,,7000,,23000,,7000,,8000,,4500,,4000,,2250,,13000,,9000,,13000,,12000,,17000,,2500,,3500,,0,,0,,125,,1000,,2250,,7000,,2000,,3500,,17000,,7000,,8000,,4500,,4000,,2250,,13000,,9000,,13000,,12000,,17000,,6000,
"nuts316:UKI63 Merton, Kingston upon Thames and Sutton",150,,0,,6000,,35,,800,,12000,,37000,,12000,,17000,,9000,,4000,,4000,,19000,,29000,,7000,,23000,,35000,,7000,,5000,,0,,0,,150,,800,,6000,,12000,,2500,,9000,,25000,,12000,,17000,,9000,,4000,,4000,,19000,,29000,,7000,,23000,,35000,,12000,
nuts316:UKI71 Barnet,75,,5,,3500,,250,,250,,8000,,22000,,5000,,9000,,6000,,2000,,6000,,12000,,11000,,3500,,16000,,21000,,3000,,3500,,0,,0,,75,,500,,3500,,8000,,1500,,4000,,16000,,5000,,9000,,6000,,2000,,6000,,12000,,11000,,3500,,16000,,21000,,6000,
nuts316:UKI72 Brent,10,,20,,9000,,5,,1250,,7000,,25000,,9000,,9000,,4000,,1250,,3000,,8000,,10000,,3000,,10000,,19000,,2500,,1750,,0,,0,,10,,1250,,9000,,7000,,2000,,10000,,13000,,9000,,9000,,4000,,1250,,3000,,8000,,10000,,3000,,10000,,19000,,4500,
nuts316:UKI73 Ealing,20,,35,,12000,,30,,500,,6000,,25000,,12000,,8000,,6000,,1750,,3000,,9000,,15000,,4000,,11000,,14000,,2500,,2500,,0,,0,,20,,600,,12000,,6000,,2000,,8000,,14000,,12000,,8000,,6000,,1750,,3000,,9000,,15000,,4000,,11000,,14000,,5000,
nuts316:UKI74 Harrow and Hillingdon,100,,200,,10000,,600,,1500,,11000,,37000,,36000,,23000,,10000,,3500,,4000,,24000,,36000,,9000,,22000,,26000,,3500,,4000,,0,,0,,100,,2250,,10000,,11000,,3000,,11000,,23000,,36000,,23000,,10000,,3500,,4000,,24000,,36000,,9000,,22000,,26000,,8000,
nuts316:UKI75 Hounslow and Richmond upon Thames,75,,300,,5000,,5,,1000,,7000,,34000,,43000,,16000,,25000,,3500,,5000,,22000,,17000,,6000,,19000,,20000,,7000,,4000,,0,,0,,75,,1500,,5000,,7000,,3000,,12000,,20000,,43000,,16000,,25000,,3500,,5000,,22000,,17000,,6000,,19000,,20000,,12000,
nuts316:UKJ11 Berkshire,3000,,225,,28000,,3500,,6000,,24000,,76000,,21000,,31000,,71000,,10000,,8000,,62000,,47000,,11000,,45000,,47000,,12000,,11000,,0,,0,,3000,,10000,,28000,,24000,,9000,,30000,,38000,,21000,,31000,,71000,,10000,,8000,,62000,,47000,,11000,,45000,,47000,,24000,
nuts316:UKJ12 Milton Keynes,500,,0,,10000,,250,,450,,5000,,29000,,16000,,10000,,12000,,10000,,4000,,15000,,16000,,6000,,19000,,16000,,4500,,4500,,0,,0,,500,,700,,10000,,5000,,5000,,9000,,15000,,16000,,10000,,12000,,10000,,4000,,15000,,16000,,6000,,19000,,16000,,9000,
nuts316:UKJ13 Buckinghamshire CC,4500,,35,,18000,,50,,3500,,17000,,44000,,8000,,15000,,16000,,5000,,5000,,22000,,24000,,7000,,22000,,27000,,7000,,5000,,0,,0,,4500,,3500,,18000,,17000,,5000,,18000,,21000,,8000,,15000,,16000,,5000,,5000,,22000,,24000,,7000,,22000,,27000,,12000,
nuts316:UKJ14 Oxfordshire,5000,,250,,26000,,900,,2250,,22000,,52000,,14000,,26000,,21000,,5000,,7000,,44000,,29000,,10000,,59000,,45000,,8000,,8000,,0,,0,,5000,,3500,,26000,,22000,,7000,,12000,,33000,,14000,,26000,,21000,,5000,,7000,,44000,,29000,,10000,,59000,,45000,,15000,
nuts316:UKJ21 Brighton and Hove,225,,10,,2500,,1000,,600,,5000,,19000,,3500,,15000,,9000,,9000,,3000,,10000,,10000,,6000,,17000,,22000,,6000,,3500,,0,,0,,225,,1750,,2500,,5000,,1250,,2500,,15000,,3500,,15000,,9000,,9000,,3000,,10000,,10000,,6000,,17000,,22000,,9000,
nuts316:UKJ22 East Sussex CC,5000,,35,,12000,,200,,1250,,13000,,30000,,5000,,17000,,5000,,4500,,4000,,13000,,9000,,9000,,17000,,34000,,6000,,5000,,0,,0,,5000,,1250,,12000,,13000,,4000,,6000,,20000,,5000,,17000,,5000,,4500,,4000,,13000,,9000,,9000,,17000,,34000,,10000,
nuts316:UKJ25 West Surrey,2500,,125,,20000,,1250,,1500,,24000,,60000,,12000,,28000,,31000,,10000,,7000,,44000,,29000,,9000,,38000,,48000,,15000,,10000,,0,,0,,2500,,3000,,20000,,24000,,7000,,19000,,33000,,12000,,28000,,31000,,10000,,7000,,44000,,29000,,9000,,38000,,48000,,25000,
nuts316:UKJ26 East Surrey,1750,,450,,7000,,1250,,1000,,14000,,22000,,4000,,11000,,9000,,11000,,3500,,20000,,14000,,4000,,16000,,27000,,5000,,4000,,0,,0,,1750,,2500,,7000,,14000,,3000,,6000,,13000,,4000,,11000,,9000,,11000,,3500,,20000,,14000,,4000,,16000,,27000,,9000,
nuts316:UKJ27 West Sussex (South West),4500,,40,,15000,,125,,2000,,9000,,28000,,4500,,16000,,5000,,4500,,3500,,12000,,11000,,7000,,15000,,33000,,6000,,3500,,0,,0,,4500,,2000,,15000,,9000,,3500,,5000,,20000,,4500,,16000,,5000,,4500,,3500,,12000,,11000,,7000,,15000,,33000,,9000,
nuts316:UKJ28 West Sussex (North East),3000,,75,,14000,,900,,1250,,11000,,33000,,27000,,15000,,8000,,7000,,3500,,15000,,23000,,4000,,17000,,18000,,5000,,4500,,0,,0,,3000,,2250,,14000,,11000,,4000,,9000,,20000,,27000,,15000,,8000,,7000,,3500,,15000,,23000,,4000,,17000,,18000,,9000,
nuts316:UKJ31 Portsmouth,250,,50,,9000,,1500,,600,,4000,,15000,,4500,,9000,,5000,,1250,,1750,,4000,,8000,,8000,,11000,,16000,,3000,,1750,,0,,0,,250,,2000,,9000,,4000,,2000,,2250,,10000,,4500,,9000,,5000,,1250,,1750,,4000,,8000,,8000,,11000,,16000,,5000,
nuts316:UKJ32 Southampton,100,,50,,4500,,50,,600,,4000,,15000,,7000,,7000,,3000,,3500,,1500,,8000,,9000,,5000,,13000,,24000,,2500,,2250,,0,,0,,100,,700,,4500,,4000,,1750,,2250,,11000,,7000,,7000,,3000,,3500,,1500,,8000,,9000,,5000,,13000,,24000,,5000,
nuts316:UKJ34 Isle of Wight,2000,,25,,4500,,150,,175,,3000,,8000,,2000,,7000,,900,,400,,800,,2250,,3000,,2250,,4500,,8000,,1750,,1250,,0,,0,,2000,,400,,4500,,3000,,900,,1000,,6000,,2000,,7000,,900,,400,,800,,2250,,3000,,2250,,4500,,8000,,3000,
nuts316:UKJ35 South Hampshire,800,,100,,18000,,2500,,900,,13000,,29000,,9000,,12000,,7000,,6000,,3000,,15000,,11000,,9000,,17000,,18000,,4000,,3500,,0,,0,,800,,3500,,18000,,13000,,4500,,6000,,19000,,9000,,12000,,7000,,6000,,3000,,15000,,11000,,9000,,17000,,18000,,7000,
nuts316:UKJ36 Central Hampshire,7000,,250,,21000,,800,,1500,,18000,,42000,,11000,,20000,,12000,,9000,,4500,,24000,,17000,,9000,,22000,,33000,,7000,,5000,,0,,0,,7000,,2500,,21000,,18000,,4500,,11000,,27000,,11000,,20000,,12000,,9000,,4500,,24000,,17000,,9000,,22000,,33000,,12000,
nuts316:UKJ37 North Hampshire,2250,,75,,10000,,600,,800,,10000,,27000,,5000,,13000,,18000,,6000,,3500,,18000,,12000,,3500,,12000,,17000,,4000,,7000,,0,,0,,2250,,1500,,10000,,10000,,4000,,8000,,14000,,5000,,13000,,18000,,6000,,3500,,18000,,12000,,3500,,12000,,17000,,11000,
nuts316:UKJ41 Medway,1500,,30,,8000,,700,,900,,8000,,13000,,6000,,6000,,2250,,3500,,1500,,5000,,7000,,4000,,11000,,16000,,2500,,1750,,0,,0,,1500,,1750,,8000,,8000,,1500,,2500,,9000,,6000,,6000,,2250,,3500,,1500,,5000,,7000,,4000,,11000,,16000,,4000,
nuts316:UKJ43 Kent Thames Gateway,3500,,100,,11000,,150,,1250,,14000,,25000,,14000,,11000,,3500,,1250,,2250,,8000,,16000,,4000,,12000,,16000,,2500,,2250,,0,,0,,3500,,1500,,11000,,14000,,3000,,5000,,17000,,14000,,11000,,3500,,1250,,2250,,8000,,16000,,4000,,12000,,16000,,5000,
nuts316:UKJ44 East Kent,4000,,30,,10000,,800,,900,,10000,,29000,,9000,,16000,,4500,,5000,,2250,,11000,,12000,,8000,,25000,,29000,,5000,,4000,,0,,0,,4000,,1750,,10000,,10000,,3500,,4500,,21000,,9000,,16000,,4500,,5000,,2250,,11000,,12000,,8000,,25000,,29000,,10000,
nuts316:UKJ45 Mid Kent,5000,,30,,8000,,1000,,800,,11000,,23000,,5000,,9000,,4000,,2500,,2500,,9000,,12000,,8000,,11000,,20000,,2500,,2500,,0,,0,,5000,,1750,,8000,,11000,,3000,,7000,,13000,,5000,,9000,,4000,,2500,,2500,,9000,,12000,,8000,,11000,,20000,,5000,
nuts316:UKJ46 West Kent,4500,,50,,9000,,100,,1000,,15000,,29000,,6000,,11000,,6000,,8000,,3500,,14000,,14000,,3000,,16000,,18000,,4000,,4000,,0,,0,,4500,,1250,,9000,,15000,,4000,,7000,,17000,,6000,,11000,,6000,,8000,,3500,,14000,,14000,,3000,,16000,,18000,,8000,
"nuts316:UKK11 Bristol, City of",300,,15,,10000,,2250,,1500,,11000,,34000,,12000,,17000,,20000,,16000,,5000,,38000,,29000,,14000,,25000,,43000,,5000,,4000,,0,,0,,300,,4000,,10000,,11000,,5000,,10000,,18000,,12000,,17000,,20000,,16000,,5000,,38000,,29000,,14000,,25000,,43000,,9000,
"nuts316:UKK12 Bath and North East Somerset, North Somerset and South Gloucestershire",3500,,125,,26000,,300,,5000,,20000,,47000,,21000,,25000,,18000,,7000,,7000,,28000,,30000,,23000,,32000,,38000,,6000,,5000,,0,,0,,3500,,6000,,26000,,20000,,7000,,10000,,30000,,21000,,25000,,18000,,7000,,7000,,28000,,30000,,23000,,32000,,38000,,12000,
nuts316:UKK13 Gloucestershire,8000,,225,,35000,,2250,,2250,,17000,,44000,,9000,,26000,,16000,,9000,,6000,,23000,,26000,,9000,,24000,,38000,,6000,,4500,,0,,0,,8000,,4500,,35000,,17000,,7000,,11000,,27000,,9000,,26000,,16000,,9000,,6000,,23000,,26000,,9000,,24000,,38000,,11000,
nuts316:UKK14 Swindon,350,,30,,10000,,225,,1500,,4500,,18000,,10000,,6000,,4000,,10000,,1500,,9000,,13000,,3000,,8000,,12000,,2000,,2500,,0,,0,,350,,1750,,10000,,4500,,3500,,4000,,10000,,10000,,6000,,4000,,10000,,1500,,9000,,13000,,3000,,8000,,12000,,4500,
nuts316:UKK15 Wiltshire,8000,,75,,19000,,400,,1500,,11000,,35000,,7000,,18000,,9000,,1750,,5000,,22000,,15000,,10000,,18000,,24000,,4000,,3500,,0,,0,,8000,,2000,,19000,,11000,,5000,,12000,,18000,,7000,,18000,,9000,,1750,,5000,,22000,,15000,,10000,,18000,,24000,,7000,
nuts316:UKK21 Bournemouth and Poole,175,,0,,11000,,500,,900,,8000,,24000,,5000,,14000,,7000,,13000,,6000,,10000,,15000,,4500,,15000,,29000,,4500,,2500,,0,,0,,175,,1500,,11000,,8000,,3000,,4500,,16000,,5000,,14000,,7000,,13000,,6000,,10000,,15000,,4500,,15000,,29000,,7000,
nuts316:UKK22 Dorset CC,8000,,200,,17000,,75,,1500,,11000,,27000,,4500,,18000,,4500,,1000,,4500,,14000,,9000,,7000,,16000,,21000,,4500,,4000,,0,,0,,8000,,1750,,17000,,11000,,3500,,6000,,17000,,4500,,18000,,4500,,1000,,4500,,14000,,9000,,7000,,16000,,21000,,8000,
nuts316:UKK23 Somerset,13000,,600,,28000,,1250,,1500,,13000,,38000,,12000,,20000,,5000,,2500,,5000,,17000,,16000,,8000,,21000,,33000,,4500,,4000,,0,,0,,13000,,3500,,28000,,13000,,6000,,8000,,24000,,12000,,20000,,5000,,2500,,5000,,17000,,16000,,8000,,21000,,33000,,8000,
nuts316:UKK30 Cornwall and Isles of Scilly,13000,,700,,15000,,500,,2500,,15000,,40000,,8000,,32000,,4500,,1250,,5000,,12000,,16000,,7000,,18000,,32000,,6000,,4000,,0,,0,,13000,,3500,,15000,,15000,,5000,,7000,,28000,,8000,,32000,,4500,,1250,,5000,,12000,,16000,,7000,,18000,,32000,,10000,
nuts316:UKK41 Plymouth,300,,30,,15000,,600,,700,,4500,,15000,,5000,,9000,,2250,,800,,2500,,6000,,8000,,7000,,12000,,20000,,2500,,1750,,0,,0,,300,,1250,,15000,,4500,,2250,,2000,,11000,,5000,,9000,,2250,,800,,2500,,6000,,8000,,7000,,12000,,20000,,4500,
nuts316:UKK42 Torbay,350,,0,,2250,,100,,50,,1750,,8000,,1500,,7000,,700,,400,,1000,,2500,,3000,,1750,,4500,,11000,,900,,600,,0,,0,,350,,150,,2250,,1750,,800,,1250,,6000,,1500,,7000,,700,,400,,1000,,2500,,3000,,1750,,4500,,11000,,1500,
nuts316:UKK43 Devon CC,23000,,700,,27000,,1500,,3500,,22000,,58000,,13000,,36000,,11000,,3000,,8000,,23000,,22000,,14000,,32000,,45000,,7000,,7000,,0,,0,,23000,,5000,,27000,,22000,,9000,,13000,,36000,,13000,,36000,,11000,,3000,,8000,,23000,,22000,,14000,,32000,,45000,,13000,
nuts316:UKL11 Isle of Anglesey,1750,,35,,2250,,30,,400,,2000,,3500,,1250,,3500,,250,,100,,400,,700,,1000,,1000,,1500,,2500,,500,,350,,0,,0,,1750,,450,,2250,,2000,,500,,450,,2250,,1250,,3500,,250,,100,,400,,700,,1000,,1000,,1500,,2500,,800,
nuts316:UKL12 Gwynedd,6000,,250,,3000,,175,,600,,3500,,7000,,1250,,8000,,900,,700,,1000,,2000,,1500,,4000,,6000,,10000,,2000,,800,,0,,0,,6000,,1000,,3000,,3500,,800,,1000,,5000,,1250,,8000,,900,,700,,1000,,2000,,1500,,4000,,6000,,10000,,3000,
nuts316:UKL13 Conwy and Denbighshire,4500,,75,,5000,,350,,600,,6000,,12000,,3500,,12000,,1250,,600,,1500,,4000,,6000,,4500,,8000,,17000,,2500,,1250,,0,,0,,4500,,1000,,5000,,6000,,1750,,1500,,9000,,3500,,12000,,1250,,600,,1500,,4000,,6000,,4500,,8000,,17000,,3500,
nuts316:UKL14 South West Wales,14000,,350,,13000,,450,,800,,10000,,21000,,6000,,18000,,1500,,900,,2000,,7000,,7000,,9000,,13000,,24000,,4000,,2500,,0,,0,,14000,,1500,,13000,,10000,,2500,,4000,,15000,,6000,,18000,,1500,,900,,2000,,7000,,7000,,9000,,13000,,24000,,6000,
nuts316:UKL15 Central Valleys,1250,,450,,13000,,400,,1750,,8000,,18000,,4000,,6000,,2000,,900,,1750,,3500,,5000,,5000,,10000,,22000,,2000,,1750,,0,,0,,1250,,2500,,13000,,8000,,2000,,2000,,14000,,4000,,6000,,2000,,900,,1750,,3500,,5000,,5000,,10000,,22000,,3500,
nuts316:UKL16 Gwent Valleys,1250,,200,,22000,,350,,2000,,6000,,14000,,3500,,6000,,1750,,1750,,1750,,4500,,8000,,8000,,10000,,16000,,2000,,1500,,0,,0,,1250,,2500,,22000,,6000,,2000,,2250,,10000,,3500,,6000,,1750,,1750,,1750,,4500,,8000,,8000,,10000,,16000,,3500,
nuts316:UKL17 Bridgend and Neath Port Talbot,1500,,350,,17000,,300,,2250,,6000,,13000,,6000,,7000,,2500,,700,,1500,,4000,,7000,,13000,,9000,,13000,,2500,,1500,,0,,0,,1500,,3000,,17000,,6000,,2250,,2000,,9000,,6000,,7000,,2500,,700,,1500,,4000,,7000,,13000,,9000,,13000,,4000,
nuts316:UKL18 Swansea,900,,10,,6000,,250,,800,,5000,,16000,,3000,,8000,,2250,,5000,,1750,,4500,,10000,,13000,,11000,,18000,,2000,,1750,,0,,0,,900,,1000,,6000,,5000,,3000,,2500,,11000,,3000,,8000,,2250,,5000,,1750,,4500,,10000,,13000,,11000,,18000,,3500,
nuts316:UKL21 Monmouthshire and Newport,2500,,50,,11000,,600,,1000,,6000,,16000,,7000,,9000,,2000,,3500,,2250,,9000,,9000,,8000,,7000,,18000,,2500,,2500,,0,,0,,2500,,1750,,11000,,6000,,2500,,3000,,11000,,7000,,9000,,2000,,3500,,2250,,9000,,9000,,8000,,7000,,18000,,5000,
nuts316:UKL22 Cardiff and Vale of Glamorgan,1250,,35,,13000,,3000,,2000,,11000,,29000,,7000,,21000,,9000,,13000,,5000,,21000,,23000,,24000,,26000,,36000,,7000,,5000,,0,,0,,1250,,5000,,13000,,11000,,3500,,4500,,21000,,7000,,21000,,9000,,13000,,5000,,21000,,23000,,24000,,26000,,36000,,12000,
nuts316:UKL23 Flintshire and Wrexham,2250,,300,,31000,,900,,1250,,7000,,17000,,5000,,8000,,2250,,900,,1000,,8000,,15000,,7000,,9000,,16000,,2000,,2000,,0,,0,,2250,,2500,,31000,,7000,,2500,,4500,,10000,,5000,,8000,,2250,,900,,1000,,8000,,15000,,7000,,9000,,16000,,4000,
nuts316:UKL24 Powys,12000,,175,,6000,,100,,225,,3000,,7000,,2500,,5000,,800,,350,,700,,4000,,3000,,4500,,3000,,6000,,1250,,900,,0,,0,,12000,,500,,6000,,3000,,900,,1500,,4500,,2500,,5000,,800,,350,,700,,4000,,3000,,4500,,3000,,6000,,2250,
nuts316:UKM50 Aberdeen City and Aberdeenshire,11000,,25000,,23000,,1000,,1000,,13000,,32000,,11000,,18000,,5000,,2000,,3000,,33000,,17000,,11000,,18000,,38000,,5000,,3500,,0,,0,,11000,,27000,,23000,,13000,,4000,,7000,,21000,,11000,,18000,,5000,,2000,,3000,,33000,,17000,,11000,,18000,,38000,,8000,
nuts316:UKM61 Caithness & Sutherland and Ross & Cromarty,7000,,350,,2500,,175,,1500,,2500,,5000,,1500,,3500,,700,,200,,450,,2250,,1250,,2000,,3000,,4500,,800,,900,,0,,0,,7000,,2000,,2500,,2500,,450,,800,,4000,,1500,,3500,,700,,200,,450,,2250,,1250,,2000,,3000,,4500,,1750,
"nuts316:UKM62 Inverness & Nairn and Moray, Badenoch & Strathspey",4500,,225,,8000,,1000,,600,,6000,,15000,,4500,,8000,,2000,,700,,1000,,4500,,5000,,5000,,7000,,20000,,2250,,1500,,0,,0,,4500,,1750,,8000,,6000,,2500,,2250,,11000,,4500,,8000,,2000,,700,,1000,,4500,,5000,,5000,,7000,,20000,,4000,
"nuts316:UKM63 Lochaber, Skye & Lochalsh, Arran & Cumbrae and Argyll & Bute",7000,,225,,3000,,450,,300,,2500,,6000,,2500,,7000,,600,,300,,700,,1750,,1500,,2500,,3500,,6000,,1250,,600,,0,,0,,7000,,1000,,3000,,2500,,400,,900,,4500,,2500,,7000,,600,,300,,700,,1750,,1500,,2500,,3500,,6000,,1750,
nuts316:UKM64 Na h-Eileanan Siar (Western Isles),4500,,20,,800,,100,,40,,800,,1500,,600,,900,,200,,75,,200,,450,,450,,1250,,1000,,2250,,175,,125,,0,,0,,4500,,175,,800,,800,,125,,200,,1250,,600,,900,,200,,75,,200,,450,,450,,1250,,1000,,2250,,300,
nuts316:UKM65 Orkney Islands,2250,,100,,450,,125,,50,,900,,1750,,900,,700,,250,,50,,100,,600,,450,,1000,,900,,1750,,350,,150,,0,,0,,2250,,300,,450,,900,,150,,300,,1250,,900,,700,,250,,50,,100,,600,,450,,1000,,900,,1750,,500,
nuts316:UKM66 Shetland Islands,3000,,100,,1000,,200,,100,,1250,,1750,,1250,,800,,200,,45,,75,,500,,800,,900,,1250,,2250,,400,,400,,0,,0,,3000,,400,,1000,,1250,,150,,350,,1250,,1250,,800,,200,,45,,75,,500,,800,,900,,1250,,2250,,800,
nuts316:UKM71 Angus and Dundee City,4500,,125,,8000,,400,,700,,4500,,17000,,3500,,10000,,4000,,1250,,1500,,6000,,5000,,6000,,12000,,24000,,2250,,2250,,0,,0,,4500,,1250,,8000,,4500,,2000,,2500,,12000,,3500,,10000,,4000,,1250,,1500,,6000,,5000,,6000,,12000,,24000,,4500,
nuts316:UKM72 Clackmannanshire and Fife,4000,,225,,16000,,400,,1250,,7000,,23000,,7000,,9000,,4500,,3000,,1500,,7000,,6000,,13000,,15000,,22000,,3000,,3500,,0,,0,,4000,,1750,,16000,,7000,,2500,,4500,,16000,,7000,,9000,,4500,,3000,,1500,,7000,,6000,,13000,,15000,,22000,,6000,
nuts316:UKM73 East Lothian and Midlothian,2000,,45,,4500,,800,,700,,4500,,10000,,1750,,4500,,1250,,500,,800,,6000,,4500,,3500,,7000,,9000,,2250,,1250,,0,,0,,2000,,1500,,4500,,4500,,1250,,1750,,7000,,1750,,4500,,1250,,500,,800,,6000,,4500,,3500,,7000,,9000,,3500,
"nuts316:UKM75 Edinburgh, City of",450,,200,,8000,,2250,,1500,,9000,,36000,,12000,,28000,,23000,,33000,,6000,,32000,,38000,,20000,,33000,,52000,,10000,,7000,,0,,0,,450,,4000,,8000,,9000,,4000,,6000,,27000,,12000,,28000,,23000,,33000,,6000,,32000,,38000,,20000,,33000,,52000,,17000,
nuts316:UKM76 Falkirk,500,,45,,7000,,450,,350,,4500,,10000,,4500,,3000,,800,,450,,700,,2500,,4000,,4500,,4500,,15000,,1250,,1000,,0,,0,,500,,900,,7000,,4500,,1250,,2500,,6000,,4500,,3000,,800,,450,,700,,2500,,4000,,4500,,4500,,15000,,2250,
nuts316:UKM77 Perth & Kinross and Stirling,7000,,75,,7000,,3000,,1000,,7000,,17000,,3000,,12000,,4000,,3500,,2000,,7000,,7000,,6000,,10000,,13000,,3000,,1750,,0,,0,,7000,,4500,,7000,,7000,,3000,,2500,,11000,,3000,,12000,,4000,,3500,,2000,,7000,,7000,,6000,,10000,,13000,,4500,
nuts316:UKM78 West Lothian,800,,50,,7000,,100,,300,,9000,,14000,,6000,,3000,,6000,,600,,700,,4500,,5000,,4000,,5000,,9000,,1250,,900,,0,,0,,800,,450,,7000,,9000,,1750,,3000,,9000,,6000,,3000,,6000,,600,,700,,4500,,5000,,4000,,5000,,9000,,2000,
"nuts316:UKM81 East Dunbartonshire, West Dunbartonshire and Helensburgh & Lomond",600,,40,,4000,,300,,500,,3000,,10000,,2000,,5000,,1750,,2500,,900,,3500,,5000,,7000,,7000,,11000,,1750,,1500,,0,,0,,600,,900,,4000,,3000,,1250,,1000,,8000,,2000,,5000,,1750,,2500,,900,,3500,,5000,,7000,,7000,,11000,,3000,
nuts316:UKM82 Glasgow City,100,,15,,19000,,3500,,3000,,16000,,50000,,13000,,27000,,23000,,23000,,10000,,35000,,50000,,25000,,36000,,65000,,8000,,6000,,0,,0,,100,,6000,,19000,,16000,,6000,,9000,,35000,,13000,,27000,,23000,,23000,,10000,,35000,,50000,,25000,,36000,,65000,,14000,
"nuts316:UKM83 Inverclyde, East Renfrewshire and Renfrewshire",900,,10,,11000,,400,,800,,6000,,22000,,8000,,8000,,4500,,2250,,2000,,8000,,14000,,9000,,11000,,21000,,2500,,3500,,0,,0,,900,,1250,,11000,,6000,,3000,,3000,,15000,,8000,,8000,,4500,,2250,,2000,,8000,,14000,,9000,,11000,,21000,,6000,
nuts316:UKM84 North Lanarkshire,600,,175,,12000,,1500,,2000,,12000,,19000,,12000,,6000,,3000,,1000,,900,,7000,,10000,,15000,,3500,,26000,,2500,,1750,,0,,0,,600,,3500,,12000,,12000,,2500,,5000,,12000,,12000,,6000,,3000,,1000,,900,,7000,,10000,,15000,,3500,,26000,,4500,
nuts316:UKM91 Scottish Borders,5000,,20,,4500,,450,,300,,2500,,7000,,1250,,3000,,700,,300,,900,,2500,,1500,,1750,,3500,,9000,,1250,,700,,0,,0,,5000,,800,,4500,,2500,,900,,1250,,5000,,1250,,3000,,700,,300,,900,,2500,,1500,,1750,,3500,,9000,,2000,
nuts316:UKM92 Dumfries & Galloway,8000,,75,,6000,,300,,500,,3000,,10000,,3000,,5000,,600,,400,,1250,,3000,,2500,,2500,,5000,,11000,,1250,,1000,,0,,0,,8000,,900,,6000,,3000,,1000,,1500,,7000,,3000,,5000,,600,,400,,1250,,3000,,2500,,2500,,5000,,11000,,2250,
nuts316:UKM93 East Ayrshire and North Ayrshire mainland,2500,,250,,7000,,600,,900,,4500,,13000,,3000,,6000,,800,,800,,1000,,3500,,6000,,5000,,6000,,16000,,1750,,1250,,0,,0,,2500,,2000,,7000,,4500,,1500,,2000,,9000,,3000,,6000,,800,,800,,1000,,3500,,6000,,5000,,6000,,16000,,3000,
nuts316:UKM94 South Ayrshire,1500,,150,,4500,,45,,250,,2000,,8000,,2500,,4500,,500,,500,,600,,2500,,1500,,2250,,3500,,9000,,1000,,1250,,0,,0,,1500,,450,,4500,,2000,,1250,,1000,,6000,,2500,,4500,,500,,500,,600,,2500,,1500,,2250,,3500,,9000,,2250,
nuts316:UKM95 South Lanarkshire,2250,,125,,11000,,2500,,900,,9000,,19000,,5000,,7000,,2250,,2500,,1750,,6000,,9000,,7000,,8000,,23000,,2500,,2250,,0,,0,,2250,,3500,,11000,,9000,,2500,,4500,,12000,,5000,,7000,,2250,,2500,,1750,,6000,,9000,,7000,,8000,,23000,,4500,
