Area level,Area,Specialist skills or knowledge needed to perform the role,,Knowledge of products and services offered by your organisation and organisations like yours,,Adapting to new equipment or materials,,Solving complex problems requiring a solution specific to the situation,,"Reading and understanding instructions, guidelines, manuals or reports",,Knowledge of how your organisation works,,Computer literacy / basic IT skills,,Advanced or specialist IT skills,,"Writing instructions, guidelines, manuals or reports",,More complex numerical or statistical skills and understanding,,Basic numerical skills and understanding,,"Manual dexterity - for example, to mend, repair, assemble, construct or adjust things",,Communicating in a foreign language,,Written Welsh language skills,,Oral Welsh language skills,,None of the above,,Total
National,England,484201.00,0.50,465640.00,0.48,436823.00,0.45,368772.00,0.38,293654.00,0.30,292806.00,0.30,292273.00,0.30,285556.00,0.29,222739.00,0.23,177274.00,0.18,151949.00,0.16,134005.00,0.14,91378.00,0.09,25.00,*%,25.00,*%,111681.00,0.11,974026.00
Local Enterprise Partnership (2019),Black Country,6054.00,0.51,5735.00,0.48,6205.00,0.52,3983.00,0.34,3823.00,0.32,3553.00,0.30,3447.00,0.29,3519.00,0.30,2792.00,0.24,2170.00,0.18,1863.00,0.16,1700.00,0.14,999.00,0.08,0.00,0.00,0.00,0.00,1170.00,0.10,11842.00
Local Enterprise Partnership (2019),Buckinghamshire Thames Valley,5412.00,0.49,5538.00,0.50,5331.00,0.48,4306.00,0.39,4082.00,0.37,3142.00,0.28,2891.00,0.26,3407.00,0.31,2280.00,0.21,852.00,0.08,1461.00,0.13,1738.00,0.16,599.00,0.05,0.00,0.00,0.00,0.00,813.00,0.07,11108.00
Local Enterprise Partnership (2019),Cheshire and Warrington,8530.00,0.48,8568.00,0.48,7965.00,0.45,6641.00,0.37,5475.00,0.31,5811.00,0.33,5694.00,0.32,5124.00,0.29,4739.00,0.27,3123.00,0.18,2763.00,0.16,1874.00,0.11,923.00,0.05,0.00,0.00,0.00,0.00,2274.00,0.13,17744.00
Local Enterprise Partnership (2019),Coast to Capital,17685.00,0.54,16177.00,0.49,14360.00,0.44,12079.00,0.37,8723.00,0.27,9447.00,0.29,8787.00,0.27,10229.00,0.31,7017.00,0.21,4938.00,0.15,3715.00,0.11,3439.00,0.11,3121.00,0.10,0.00,0.00,0.00,0.00,3356.00,0.10,32742.00
Local Enterprise Partnership (2019),Cornwall and Isles of Scilly,6615.00,0.46,6459.00,0.45,6666.00,0.46,4858.00,0.34,4614.00,0.32,4331.00,0.30,4120.00,0.29,4110.00,0.29,3340.00,0.23,2167.00,0.15,1936.00,0.13,3004.00,0.21,1023.00,0.07,0.00,0.00,0.00,0.00,2349.00,0.16,14355.00
Local Enterprise Partnership (2019),Coventry and Warwickshire,7592.00,0.52,7080.00,0.48,7204.00,0.49,6096.00,0.41,4115.00,0.28,3582.00,0.24,3855.00,0.26,4184.00,0.28,3666.00,0.25,3116.00,0.21,2123.00,0.14,2450.00,0.17,883.00,0.06,0.00,0.00,0.00,0.00,1437.00,0.10,14715.00
Local Enterprise Partnership (2019),Cumbria,9816.00,0.56,9241.00,0.53,8863.00,0.50,8031.00,0.46,5590.00,0.32,5731.00,0.33,6758.00,0.38,6112.00,0.35,4518.00,0.26,3898.00,0.22,3376.00,0.19,2882.00,0.16,1533.00,0.09,0.00,0.00,0.00,0.00,1720.00,0.10,17556.00
Local Enterprise Partnership (2019),"Derby, Derbyshire, Nottingham and Nottinghamshire",18490.00,0.47,18362.00,0.47,17431.00,0.45,14800.00,0.38,12718.00,0.33,11544.00,0.30,12258.00,0.31,11336.00,0.29,10087.00,0.26,7193.00,0.18,5434.00,0.14,4804.00,0.12,2667.00,0.07,0.00,0.00,0.00,0.00,4936.00,0.13,39055.00
Local Enterprise Partnership (2019),Dorset,7773.00,0.49,7961.00,0.51,6914.00,0.44,5878.00,0.37,3972.00,0.25,3129.00,0.20,4057.00,0.26,5189.00,0.33,2724.00,0.17,2565.00,0.16,2310.00,0.15,1449.00,0.09,1069.00,0.07,0.00,0.00,0.00,0.00,1343.00,0.09,15738.00
Local Enterprise Partnership (2019),Enterprise M3,14416.00,0.48,12235.00,0.41,12178.00,0.41,10184.00,0.34,7475.00,0.25,6852.00,0.23,9083.00,0.30,8576.00,0.29,6665.00,0.22,5713.00,0.19,3190.00,0.11,3401.00,0.11,2086.00,0.07,0.00,0.00,0.00,0.00,5255.00,0.18,29953.00
Local Enterprise Partnership (2019),Gloucestershire,7719.00,0.52,7410.00,0.50,6505.00,0.43,6631.00,0.44,4975.00,0.33,4228.00,0.28,5698.00,0.38,4195.00,0.28,3527.00,0.24,2757.00,0.18,2612.00,0.17,1309.00,0.09,642.00,0.04,0.00,0.00,0.00,0.00,1232.00,0.08,14959.00
Local Enterprise Partnership (2019),Greater Birmingham and Solihull,12323.00,0.48,10896.00,0.43,11635.00,0.45,9103.00,0.36,7269.00,0.28,5902.00,0.23,6320.00,0.25,8436.00,0.33,5164.00,0.20,4879.00,0.19,3485.00,0.14,3038.00,0.12,2010.00,0.08,0.00,0.00,0.00,0.00,2902.00,0.11,25607.00
Local Enterprise Partnership (2019),Greater Cambridge Greater Peterborough,16153.00,0.46,16586.00,0.47,16600.00,0.47,12405.00,0.35,10019.00,0.29,10254.00,0.29,10029.00,0.29,8843.00,0.25,7150.00,0.20,6909.00,0.20,4952.00,0.14,4087.00,0.12,3120.00,0.09,0.00,0.00,0.00,0.00,4278.00,0.12,35133.00
Local Enterprise Partnership (2019),Greater Lincolnshire,10766.00,0.45,10817.00,0.45,11156.00,0.46,7751.00,0.32,6486.00,0.27,6828.00,0.28,7371.00,0.31,6201.00,0.26,3814.00,0.16,4877.00,0.20,3552.00,0.15,3371.00,0.14,2202.00,0.09,0.00,0.00,0.00,0.00,3162.00,0.13,24152.00
Local Enterprise Partnership (2019),Greater Manchester,16759.00,0.54,16662.00,0.53,12979.00,0.41,11984.00,0.38,8450.00,0.27,10531.00,0.34,8588.00,0.27,10792.00,0.34,6582.00,0.21,5932.00,0.19,5472.00,0.17,3352.00,0.11,3258.00,0.10,0.00,0.00,0.00,0.00,2865.00,0.09,31303.00
Local Enterprise Partnership (2019),Heart of the South West,20252.00,0.54,19151.00,0.51,17341.00,0.46,14130.00,0.38,12058.00,0.32,12177.00,0.32,12145.00,0.32,8673.00,0.23,7383.00,0.20,6998.00,0.19,6190.00,0.16,5968.00,0.16,2638.00,0.07,0.00,0.00,0.00,0.00,3163.00,0.08,37681.00
Local Enterprise Partnership (2019),Hertfordshire,9765.00,0.51,9967.00,0.53,9130.00,0.48,6981.00,0.37,5225.00,0.28,6551.00,0.35,5137.00,0.27,5225.00,0.28,3410.00,0.18,3577.00,0.19,2564.00,0.14,2162.00,0.11,1357.00,0.07,0.00,0.00,0.00,0.00,1967.00,0.10,18977.00
Local Enterprise Partnership (2019),Humber,7756.00,0.44,8416.00,0.47,8583.00,0.48,6807.00,0.38,5466.00,0.31,5459.00,0.31,5539.00,0.31,4592.00,0.26,2407.00,0.14,3274.00,0.18,2641.00,0.15,3165.00,0.18,1926.00,0.11,0.00,0.00,0.00,0.00,1877.00,0.11,17724.00
Local Enterprise Partnership (2019),Lancashire,13448.00,0.52,11829.00,0.46,10327.00,0.40,9579.00,0.37,7885.00,0.30,8367.00,0.32,9086.00,0.35,7279.00,0.28,5692.00,0.22,4532.00,0.17,3300.00,0.13,3714.00,0.14,2948.00,0.11,0.00,0.00,0.00,0.00,3069.00,0.12,25899.00
Local Enterprise Partnership (2019),Leeds City Region,29018.00,0.52,29043.00,0.52,28434.00,0.51,21408.00,0.38,18394.00,0.33,18312.00,0.33,16286.00,0.29,16588.00,0.30,12814.00,0.23,10571.00,0.19,9724.00,0.17,9210.00,0.16,4970.00,0.09,25.00,*%,25.00,*%,5577.00,0.10,56054.00
Local Enterprise Partnership (2019),Leicester and Leicestershire,8486.00,0.46,8313.00,0.45,8354.00,0.46,7535.00,0.41,5950.00,0.32,5068.00,0.28,5685.00,0.31,5211.00,0.28,4209.00,0.23,2629.00,0.14,2490.00,0.14,2149.00,0.12,1094.00,0.06,0.00,0.00,0.00,0.00,2117.00,0.12,18323.00
Local Enterprise Partnership (2019),Liverpool City Region,8469.00,0.50,8893.00,0.53,8690.00,0.52,6999.00,0.42,6540.00,0.39,6422.00,0.38,5812.00,0.35,4076.00,0.24,4368.00,0.26,3014.00,0.18,2881.00,0.17,2403.00,0.14,1467.00,0.09,0.00,0.00,0.00,0.00,1663.00,0.10,16786.00
Local Enterprise Partnership (2019),London,76424.00,0.51,73206.00,0.49,59375.00,0.40,62960.00,0.42,46745.00,0.31,50808.00,0.34,46608.00,0.31,51389.00,0.34,39369.00,0.26,33554.00,0.22,29283.00,0.20,21052.00,0.14,25369.00,0.17,0.00,0.00,0.00,0.00,18766.00,0.13,149642.00
Local Enterprise Partnership (2019),New Anglia,16449.00,0.46,17035.00,0.48,16759.00,0.47,14446.00,0.40,11412.00,0.32,11133.00,0.31,11136.00,0.31,10211.00,0.29,8018.00,0.22,5448.00,0.15,5764.00,0.16,4912.00,0.14,2499.00,0.07,0.00,0.00,0.00,0.00,2841.00,0.08,35702.00
Local Enterprise Partnership (2019),North Eastern,26376.00,0.46,23733.00,0.42,23197.00,0.41,17735.00,0.31,13554.00,0.24,14252.00,0.25,14952.00,0.26,15145.00,0.27,12118.00,0.21,8028.00,0.14,8304.00,0.15,7707.00,0.13,4708.00,0.08,0.00,0.00,0.00,0.00,9196.00,0.16,57105.00
Local Enterprise Partnership (2019),Oxfordshire,7248.00,0.49,7793.00,0.53,6541.00,0.45,5054.00,0.34,4095.00,0.28,3474.00,0.24,4385.00,0.30,4958.00,0.34,3653.00,0.25,2835.00,0.19,1726.00,0.12,1349.00,0.09,1727.00,0.12,0.00,0.00,0.00,0.00,1916.00,0.13,14659.00
Local Enterprise Partnership (2019),Sheffield City Region,17200.00,0.50,15279.00,0.45,16584.00,0.49,12568.00,0.37,10472.00,0.31,9482.00,0.28,9619.00,0.28,10199.00,0.30,7922.00,0.23,6270.00,0.18,4172.00,0.12,5099.00,0.15,1945.00,0.06,0.00,0.00,0.00,0.00,2902.00,0.09,34108.00
Local Enterprise Partnership (2019),Solent,6893.00,0.47,6711.00,0.46,5907.00,0.40,4940.00,0.34,3444.00,0.24,3788.00,0.26,4463.00,0.31,3201.00,0.22,2950.00,0.20,2205.00,0.15,1852.00,0.13,1972.00,0.14,1092.00,0.07,0.00,0.00,0.00,0.00,2130.00,0.15,14588.00
Local Enterprise Partnership (2019),South East,30286.00,0.48,29900.00,0.48,31734.00,0.50,22530.00,0.36,22195.00,0.35,20595.00,0.33,20259.00,0.32,16169.00,0.26,16171.00,0.26,10460.00,0.17,10789.00,0.17,9366.00,0.15,5224.00,0.08,0.00,0.00,0.00,0.00,6007.00,0.10,62842.00
Local Enterprise Partnership (2019),South East Midlands,15446.00,0.51,15200.00,0.50,14817.00,0.49,12061.00,0.40,10144.00,0.33,8384.00,0.28,7923.00,0.26,9609.00,0.32,7774.00,0.26,5285.00,0.17,4198.00,0.14,3649.00,0.12,2450.00,0.08,0.00,0.00,0.00,0.00,2882.00,0.09,30404.00
Local Enterprise Partnership (2019),Stoke-on-Trent and Staffordshire,7915.00,0.48,6288.00,0.38,7545.00,0.46,6056.00,0.37,4218.00,0.26,4501.00,0.27,4007.00,0.24,5222.00,0.32,3074.00,0.19,2892.00,0.18,1736.00,0.11,1940.00,0.12,1551.00,0.09,0.00,0.00,0.00,0.00,1874.00,0.11,16403.00
Local Enterprise Partnership (2019),Swindon and Wiltshire,6652.00,0.53,6434.00,0.51,5793.00,0.46,4903.00,0.39,4922.00,0.39,4581.00,0.36,3639.00,0.29,3280.00,0.26,3318.00,0.26,2184.00,0.17,2606.00,0.21,1764.00,0.14,1021.00,0.08,0.00,0.00,0.00,0.00,1517.00,0.12,12562.00
Local Enterprise Partnership (2019),Tees Valley,7242.00,0.49,6729.00,0.45,6249.00,0.42,6007.00,0.41,3836.00,0.26,4820.00,0.33,4065.00,0.27,3459.00,0.23,2978.00,0.20,3286.00,0.22,2695.00,0.18,1389.00,0.09,1427.00,0.10,0.00,0.00,0.00,0.00,1496.00,0.10,14817.00
Local Enterprise Partnership (2019),Thames Valley Berkshire,5032.00,0.46,4423.00,0.41,3767.00,0.35,3750.00,0.34,2593.00,0.24,2382.00,0.22,2391.00,0.22,3513.00,0.32,1827.00,0.17,1486.00,0.14,1208.00,0.11,1022.00,0.09,503.00,0.05,0.00,0.00,0.00,0.00,1769.00,0.16,10916.00
Local Enterprise Partnership (2019),The Marches,8301.00,0.54,7374.00,0.48,8002.00,0.52,4948.00,0.32,4670.00,0.30,3420.00,0.22,5318.00,0.34,4588.00,0.30,3700.00,0.24,2769.00,0.18,2170.00,0.14,2396.00,0.16,1265.00,0.08,0.00,0.00,0.00,0.00,1668.00,0.11,15418.00
Local Enterprise Partnership (2019),West of England,9868.00,0.54,9317.00,0.51,7876.00,0.43,7421.00,0.41,5669.00,0.31,6282.00,0.34,5488.00,0.30,5942.00,0.32,4523.00,0.25,3065.00,0.17,3035.00,0.17,2561.00,0.14,1485.00,0.08,0.00,0.00,0.00,0.00,1458.00,0.08,18289.00
Local Enterprise Partnership (2019),Worcestershire,4304.00,0.39,4551.00,0.42,4823.00,0.44,3493.00,0.32,3244.00,0.30,2765.00,0.25,2432.00,0.22,3380.00,0.31,1783.00,0.16,1533.00,0.14,1934.00,0.18,1932.00,0.18,531.00,0.05,0.00,0.00,0.00,0.00,1400.00,0.13,10960.00
Local Enterprise Partnership (2019),"York, North Yorkshire and East Riding",17136.00,0.48,17192.00,0.48,17880.00,0.50,13842.00,0.39,10621.00,0.30,10108.00,0.28,10083.00,0.28,8954.00,0.25,6192.00,0.17,5517.00,0.15,4576.00,0.13,6386.00,0.18,2734.00,0.08,0.00,0.00,0.00,0.00,3537.00,0.10,35838.00
Combined Authority,Cambridgeshire and Peterborough,7622.00,0.46,7773.00,0.47,6791.00,0.41,6210.00,0.38,4784.00,0.29,4691.00,0.28,4685.00,0.28,4441.00,0.27,4113.00,0.25,3476.00,0.21,2476.00,0.15,2211.00,0.13,2016.00,0.12,0.00,0.00,0.00,0.00,2487.00,0.15,16537.00
Local Education Authority,City of London,3068.00,0.49,2698.00,0.43,2029.00,0.33,2367.00,0.38,1438.00,0.23,1538.00,0.25,1225.00,0.20,1608.00,0.26,1153.00,0.19,933.00,0.15,365.00,0.06,186.00,0.03,673.00,0.11,0.00,0.00,0.00,0.00,902.00,0.15,6214.00
Local Education Authority,Camden,4578.00,0.50,4540.00,0.50,3464.00,0.38,3895.00,0.43,2817.00,0.31,3108.00,0.34,2453.00,0.27,3646.00,0.40,2495.00,0.27,2132.00,0.23,1840.00,0.20,1045.00,0.11,1683.00,0.18,0.00,0.00,0.00,0.00,1224.00,0.13,9158.00
Local Education Authority,Greenwich,1469.00,0.52,1294.00,0.46,1240.00,0.44,808.00,0.29,915.00,0.32,785.00,0.28,1126.00,0.40,894.00,0.32,859.00,0.30,86.00,0.03,461.00,0.16,800.00,0.28,340.00,0.12,0.00,0.00,0.00,0.00,342.00,0.12,2826.00
Local Education Authority,Hackney,2623.00,0.48,2891.00,0.52,2242.00,0.41,2467.00,0.45,2088.00,0.38,2006.00,0.36,1631.00,0.30,2406.00,0.44,2093.00,0.38,2335.00,0.42,1579.00,0.29,648.00,0.12,742.00,0.13,0.00,0.00,0.00,0.00,689.00,0.13,5508.00
Local Education Authority,Hammersmith and Fulham,2330.00,0.57,2036.00,0.50,1643.00,0.40,1573.00,0.39,1300.00,0.32,1584.00,0.39,2003.00,0.49,1678.00,0.41,1126.00,0.28,1448.00,0.36,937.00,0.23,651.00,0.16,930.00,0.23,0.00,0.00,0.00,0.00,176.00,0.04,4064.00
Local Education Authority,Islington,2943.00,0.54,3059.00,0.56,1659.00,0.30,2659.00,0.49,1030.00,0.19,2051.00,0.38,931.00,0.17,2489.00,0.46,1198.00,0.22,1167.00,0.21,407.00,0.07,290.00,0.05,252.00,0.05,0.00,0.00,0.00,0.00,424.00,0.08,5460.00
Local Education Authority,Kensington and Chelsea,1942.00,0.51,2150.00,0.57,1519.00,0.40,1336.00,0.35,1420.00,0.38,1374.00,0.36,1949.00,0.52,1314.00,0.35,1294.00,0.34,782.00,0.21,1055.00,0.28,562.00,0.15,604.00,0.16,0.00,0.00,0.00,0.00,506.00,0.13,3782.00
Local Education Authority,Lambeth,2823.00,0.54,2333.00,0.45,1567.00,0.30,2813.00,0.54,1955.00,0.37,1407.00,0.27,1573.00,0.30,2349.00,0.45,1415.00,0.27,851.00,0.16,1124.00,0.22,627.00,0.12,1600.00,0.31,0.00,0.00,0.00,0.00,410.00,0.08,5215.00
Local Education Authority,Lewisham,1764.00,0.48,1378.00,0.38,1184.00,0.32,1602.00,0.44,1045.00,0.28,1143.00,0.31,1160.00,0.32,1315.00,0.36,669.00,0.18,956.00,0.26,444.00,0.12,462.00,0.13,721.00,0.20,0.00,0.00,0.00,0.00,348.00,0.09,3670.00
Local Education Authority,Southwark,3162.00,0.56,2049.00,0.36,2778.00,0.49,3044.00,0.54,1852.00,0.33,1993.00,0.35,1953.00,0.34,1955.00,0.34,1446.00,0.25,1068.00,0.19,649.00,0.11,672.00,0.12,805.00,0.14,0.00,0.00,0.00,0.00,345.00,0.06,5683.00
Local Education Authority,Tower Hamlets,2575.00,0.49,2711.00,0.52,1797.00,0.34,1898.00,0.36,2105.00,0.40,1603.00,0.31,1310.00,0.25,1832.00,0.35,2026.00,0.39,1351.00,0.26,702.00,0.13,282.00,0.05,997.00,0.19,0.00,0.00,0.00,0.00,631.00,0.12,5243.00
Local Education Authority,Wandsworth,2661.00,0.51,2568.00,0.49,2048.00,0.39,2533.00,0.48,1223.00,0.23,1450.00,0.28,1033.00,0.20,2004.00,0.38,1233.00,0.24,1246.00,0.24,811.00,0.16,570.00,0.11,1034.00,0.20,0.00,0.00,0.00,0.00,1253.00,0.24,5230.00
Local Education Authority,Westminster,8504.00,0.50,8008.00,0.47,6001.00,0.35,6606.00,0.39,5138.00,0.30,6289.00,0.37,4386.00,0.26,6393.00,0.38,3561.00,0.21,4118.00,0.24,3475.00,0.20,2546.00,0.15,5074.00,0.30,0.00,0.00,0.00,0.00,2296.00,0.14,16987.00
Local Education Authority,Barking and Dagenham, ** ,**, ** ,**, ** ,**, ** ,**, ** ,**, ** ,**, ** ,**, ** ,**, ** ,**, ** ,**, ** ,**, ** ,**, ** ,**,**,**,**,**, ** ,**,1110.00
Local Education Authority,Barnet,3423.00,0.57,3315.00,0.55,2656.00,0.44,2455.00,0.41,2049.00,0.34,2259.00,0.37,2003.00,0.33,1655.00,0.27,1741.00,0.29,1146.00,0.19,1631.00,0.27,446.00,0.07,1059.00,0.18,0.00,0.00,0.00,0.00,587.00,0.10,6033.00
Local Education Authority,Bexley,1725.00,0.59,1581.00,0.54,1519.00,0.52,1424.00,0.49,933.00,0.32,688.00,0.23,1074.00,0.37,498.00,0.17,542.00,0.18,533.00,0.18,634.00,0.22,457.00,0.16,360.00,0.12,0.00,0.00,0.00,0.00,269.00,0.09,2932.00
Local Education Authority,Brent,1843.00,0.52,1815.00,0.51,1527.00,0.43,1576.00,0.45,1329.00,0.38,1765.00,0.50,1480.00,0.42,1024.00,0.29,1274.00,0.36,957.00,0.27,1105.00,0.31,916.00,0.26,495.00,0.14,0.00,0.00,0.00,0.00,586.00,0.17,3531.00
Local Education Authority,Bromley,2669.00,0.50,2361.00,0.44,2021.00,0.38,1907.00,0.36,1558.00,0.29,1655.00,0.31,2306.00,0.43,1167.00,0.22,1134.00,0.21,574.00,0.11,1078.00,0.20,657.00,0.12,540.00,0.10,0.00,0.00,0.00,0.00,788.00,0.15,5316.00
Local Education Authority,Croydon,3585.00,0.65,2205.00,0.40,2599.00,0.47,2409.00,0.44,1342.00,0.24,1714.00,0.31,1777.00,0.32,2347.00,0.43,1098.00,0.20,1256.00,0.23,765.00,0.14,581.00,0.11,717.00,0.13,0.00,0.00,0.00,0.00,382.00,0.07,5483.00
Local Education Authority,Ealing,2630.00,0.46,2467.00,0.43,2366.00,0.41,2044.00,0.36,1670.00,0.29,2008.00,0.35,1431.00,0.25,1725.00,0.30,1422.00,0.25,1328.00,0.23,1067.00,0.19,1604.00,0.28,674.00,0.12,0.00,0.00,0.00,0.00,1161.00,0.20,5737.00
Local Education Authority,Enfield,1508.00,0.43,1854.00,0.53,1243.00,0.36,1002.00,0.29,815.00,0.24,1268.00,0.37,508.00,0.15,777.00,0.22,589.00,0.17,286.00,0.08,800.00,0.23,377.00,0.11,86.00,0.02,0.00,0.00,0.00,0.00,535.00,0.15,3469.00
Local Education Authority,Haringey,2247.00,0.60,2409.00,0.64,1243.00,0.33,1737.00,0.47,950.00,0.25,1741.00,0.47,1114.00,0.30,1399.00,0.37,1278.00,0.34,750.00,0.20,751.00,0.20,530.00,0.14,1096.00,0.29,0.00,0.00,0.00,0.00,526.00,0.14,3735.00
Local Education Authority,Harrow,1239.00,0.42,1386.00,0.47,1062.00,0.36,1077.00,0.36,1045.00,0.35,893.00,0.30,855.00,0.29,697.00,0.24,666.00,0.23,654.00,0.22,452.00,0.15,245.00,0.08,456.00,0.15,0.00,0.00,0.00,0.00,638.00,0.22,2954.00
Local Education Authority,Havering,1012.00,0.40,1134.00,0.45,952.00,0.38,936.00,0.37,1166.00,0.46,830.00,0.33,767.00,0.31,901.00,0.36,880.00,0.35,552.00,0.22,595.00,0.24,236.00,0.09,319.00,0.13,0.00,0.00,0.00,0.00,382.00,0.15,2510.00
Local Education Authority,Hillingdon,2005.00,0.53,2210.00,0.58,1689.00,0.44,1800.00,0.47,1571.00,0.41,1577.00,0.41,1299.00,0.34,1190.00,0.31,1463.00,0.38,1319.00,0.35,1101.00,0.29,875.00,0.23,264.00,0.07,0.00,0.00,0.00,0.00,517.00,0.14,3802.00
Local Education Authority,Hounslow,1475.00,0.41,1244.00,0.35,1748.00,0.49,1263.00,0.35,822.00,0.23,998.00,0.28,1253.00,0.35,995.00,0.28,793.00,0.22,667.00,0.19,675.00,0.19,606.00,0.17,629.00,0.18,0.00,0.00,0.00,0.00,496.00,0.14,3581.00
Local Education Authority,Kingston upon Thames,1685.00,0.54,1638.00,0.53,947.00,0.30,1164.00,0.37,1208.00,0.39,690.00,0.22,1550.00,0.50,925.00,0.30,931.00,0.30,738.00,0.24,622.00,0.20,580.00,0.19,312.00,0.10,0.00,0.00,0.00,0.00,186.00,0.06,3116.00
Local Education Authority,Merton,1707.00,0.48,2095.00,0.59,1750.00,0.50,1556.00,0.44,763.00,0.22,1222.00,0.35,1441.00,0.41,1024.00,0.29,805.00,0.23,896.00,0.25,782.00,0.22,816.00,0.23,625.00,0.18,0.00,0.00,0.00,0.00,589.00,0.17,3528.00
Local Education Authority,Newham,972.00,0.48,1106.00,0.54,930.00,0.46,881.00,0.43,1131.00,0.56,1000.00,0.49,748.00,0.37,773.00,0.38,1030.00,0.51,760.00,0.37,795.00,0.39,398.00,0.20,431.00,0.21,0.00,0.00,0.00,0.00,147.00,0.07,2038.00
Local Education Authority,Redbridge,1556.00,0.51,1768.00,0.58,1585.00,0.52,1567.00,0.51,1367.00,0.45,1209.00,0.40,1373.00,0.45,1111.00,0.36,1034.00,0.34,359.00,0.12,1015.00,0.33,327.00,0.11,480.00,0.16,0.00,0.00,0.00,0.00,210.00,0.07,3052.00
Local Education Authority,Richmond upon Thames,1722.00,0.56,1279.00,0.42,1636.00,0.53,1348.00,0.44,574.00,0.19,1286.00,0.42,639.00,0.21,857.00,0.28,554.00,0.18,659.00,0.22,355.00,0.12,516.00,0.17,286.00,0.09,0.00,0.00,0.00,0.00,407.00,0.13,3059.00
Local Education Authority,Sutton,1176.00,0.35,1917.00,0.58,1236.00,0.37,1716.00,0.52,801.00,0.24,865.00,0.26,1295.00,0.39,1528.00,0.46,743.00,0.22,815.00,0.24,698.00,0.21,680.00,0.20,208.00,0.06,0.00,0.00,0.00,0.00,303.00,0.09,3331.00
Local Education Authority,Waltham Forest,1303.00,0.62,1081.00,0.51,843.00,0.40,1032.00,0.49,826.00,0.39,556.00,0.26,717.00,0.34,653.00,0.31,537.00,0.25,710.00,0.34,346.00,0.16,587.00,0.28,662.00,0.31,0.00,0.00,0.00,0.00,277.00,0.13,2107.00
Local Education Authority,Birmingham,5315.00,0.47,4864.00,0.43,5591.00,0.49,4013.00,0.35,2749.00,0.24,2247.00,0.20,3238.00,0.28,3939.00,0.35,2420.00,0.21,2548.00,0.22,1364.00,0.12,1374.00,0.12,1003.00,0.09,0.00,0.00,0.00,0.00,1026.00,0.09,11416.00
Local Education Authority,Coventry,1729.00,0.57,1591.00,0.53,1392.00,0.46,1201.00,0.40,826.00,0.27,1181.00,0.39,560.00,0.19,757.00,0.25,682.00,0.23,790.00,0.26,684.00,0.23,616.00,0.20,98.00,0.03,0.00,0.00,0.00,0.00,382.00,0.13,3014.00
Local Education Authority,Dudley,1728.00,0.54,1297.00,0.40,1497.00,0.47,842.00,0.26,933.00,0.29,837.00,0.26,1082.00,0.34,950.00,0.30,823.00,0.26,671.00,0.21,467.00,0.15,568.00,0.18,139.00,0.04,0.00,0.00,0.00,0.00,412.00,0.13,3206.00
Local Education Authority,Sandwell,2249.00,0.61,1926.00,0.53,1886.00,0.51,1606.00,0.44,965.00,0.26,1192.00,0.33,942.00,0.26,1432.00,0.39,745.00,0.20,799.00,0.22,325.00,0.09,535.00,0.15,289.00,0.08,0.00,0.00,0.00,0.00,289.00,0.08,3664.00
Local Education Authority,Solihull,1276.00,0.64,974.00,0.49,1096.00,0.55,681.00,0.34,699.00,0.35,572.00,0.29,492.00,0.25,391.00,0.19,375.00,0.19,325.00,0.16,198.00,0.10,225.00,0.11,217.00,0.11,0.00,0.00,0.00,0.00,505.00,0.25,2006.00
Local Education Authority,Walsall,1133.00,0.44,1285.00,0.50,1291.00,0.51,665.00,0.26,871.00,0.34,651.00,0.26,838.00,0.33,477.00,0.19,667.00,0.26,152.00,0.06,572.00,0.22,337.00,0.13,139.00,0.05,0.00,0.00,0.00,0.00,339.00,0.13,2550.00
Local Education Authority,Wolverhampton,944.00,0.39,1227.00,0.51,1531.00,0.63,871.00,0.36,1054.00,0.44,874.00,0.36,584.00,0.24,659.00,0.27,558.00,0.23,549.00,0.23,500.00,0.21,260.00,0.11,432.00,0.18,0.00,0.00,0.00,0.00,130.00,0.05,2423.00
Local Education Authority,Knowsley, ** ,**, ** ,**, ** ,**, ** ,**, ** ,**, ** ,**, ** ,**, ** ,**, ** ,**, ** ,**, ** ,**, ** ,**, ** ,**,**,**,**,**, ** ,**,880.00
Local Education Authority,Liverpool,2869.00,0.54,2958.00,0.55,2782.00,0.52,2312.00,0.43,1961.00,0.37,1984.00,0.37,1934.00,0.36,1381.00,0.26,1237.00,0.23,1014.00,0.19,724.00,0.14,826.00,0.15,658.00,0.12,0.00,0.00,0.00,0.00,471.00,0.09,5348.00
Local Education Authority,St Helens,789.00,0.55,576.00,0.40,895.00,0.63,639.00,0.45,521.00,0.37,545.00,0.38,594.00,0.42,488.00,0.34,557.00,0.39,212.00,0.15,162.00,0.11,147.00,0.10,280.00,0.20,0.00,0.00,0.00,0.00,54.00,0.04,1428.00
Local Education Authority,Sefton,2077.00,0.50,2316.00,0.55,2320.00,0.55,1567.00,0.37,1741.00,0.42,1916.00,0.46,1267.00,0.30,854.00,0.20,1248.00,0.30,864.00,0.21,915.00,0.22,583.00,0.14,254.00,0.06,0.00,0.00,0.00,0.00,226.00,0.05,4190.00
Local Education Authority,Wirral,1630.00,0.46,1988.00,0.56,1415.00,0.40,1531.00,0.43,1464.00,0.41,1026.00,0.29,1316.00,0.37,710.00,0.20,776.00,0.22,482.00,0.14,541.00,0.15,767.00,0.22,165.00,0.05,0.00,0.00,0.00,0.00,718.00,0.20,3531.00
Local Education Authority,Bolton,1417.00,0.57,1249.00,0.51,1280.00,0.52,1140.00,0.46,624.00,0.25,586.00,0.24,581.00,0.24,512.00,0.21,291.00,0.12,533.00,0.22,241.00,0.10,132.00,0.05,461.00,0.19,0.00,0.00,0.00,0.00,219.00,0.09,2468.00
Local Education Authority,Bury,787.00,0.39,911.00,0.46,648.00,0.32,740.00,0.37,474.00,0.24,555.00,0.28,766.00,0.38,770.00,0.39,660.00,0.33,219.00,0.11,319.00,0.16,22.00,0.01,476.00,0.24,0.00,0.00,0.00,0.00,249.00,0.12,1997.00
Local Education Authority,Manchester,2736.00,0.47,3021.00,0.52,1674.00,0.29,2550.00,0.44,1382.00,0.24,1667.00,0.29,1238.00,0.21,2191.00,0.38,921.00,0.16,1151.00,0.20,1167.00,0.20,235.00,0.04,322.00,0.06,0.00,0.00,0.00,0.00,466.00,0.08,5788.00
Local Education Authority,Oldham,1075.00,0.58,1077.00,0.59,1005.00,0.55,628.00,0.34,359.00,0.20,746.00,0.41,694.00,0.38,837.00,0.45,421.00,0.23,456.00,0.25,574.00,0.31,388.00,0.21, -   ,0.00,0.00,0.00,0.00,0.00,98.00,0.05,1839.00
Local Education Authority,Rochdale,1485.00,0.51,1878.00,0.65,1053.00,0.37,903.00,0.31,962.00,0.33,1140.00,0.40,749.00,0.26,718.00,0.25,1000.00,0.35,248.00,0.09,563.00,0.20,322.00,0.11,294.00,0.10,0.00,0.00,0.00,0.00,279.00,0.10,2885.00
Local Education Authority,Salford,1607.00,0.54,1567.00,0.53,1482.00,0.50,1155.00,0.39,908.00,0.31,1090.00,0.37,629.00,0.21,1003.00,0.34,617.00,0.21,523.00,0.18,366.00,0.12,838.00,0.28,561.00,0.19,0.00,0.00,0.00,0.00,286.00,0.10,2970.00
Local Education Authority,Stockport,2167.00,0.50,1983.00,0.46,1585.00,0.37,1383.00,0.32,618.00,0.14,815.00,0.19,825.00,0.19,1365.00,0.32,885.00,0.21,1216.00,0.28,582.00,0.13,351.00,0.08,31.00,0.01,0.00,0.00,0.00,0.00,600.00,0.14,4319.00
Local Education Authority,Tameside,1592.00,0.63,1293.00,0.51,1025.00,0.40,1238.00,0.49,1115.00,0.44,1182.00,0.47,860.00,0.34,954.00,0.38,682.00,0.27,581.00,0.23,406.00,0.16,275.00,0.11,240.00,0.09,0.00,0.00,0.00,0.00,30.00,0.01,2541.00
Local Education Authority,Trafford,2614.00,0.63,2218.00,0.53,2106.00,0.51,1342.00,0.32,1299.00,0.31,1624.00,0.39,1577.00,0.38,1293.00,0.31,641.00,0.15,679.00,0.16,944.00,0.23,499.00,0.12,504.00,0.12,0.00,0.00,0.00,0.00,380.00,0.09,4169.00
Local Education Authority,Wigan,1279.00,0.55,1465.00,0.63,1119.00,0.48,906.00,0.39,709.00,0.30,1126.00,0.48,668.00,0.29,1149.00,0.49,464.00,0.20,326.00,0.14,308.00,0.13,289.00,0.12,369.00,0.16,0.00,0.00,0.00,0.00,259.00,0.11,2327.00
Local Education Authority,Barnsley,1662.00,0.47,1654.00,0.47,1677.00,0.48,1278.00,0.36,1133.00,0.32,1283.00,0.36,658.00,0.19,709.00,0.20,1163.00,0.33,327.00,0.09,684.00,0.19,785.00,0.22,242.00,0.07,0.00,0.00,0.00,0.00,135.00,0.04,3529.00
Local Education Authority,Doncaster,2854.00,0.51,2692.00,0.48,2648.00,0.47,1673.00,0.30,1529.00,0.27,1649.00,0.29,1487.00,0.27,1369.00,0.24,1239.00,0.22,1211.00,0.22,970.00,0.17,916.00,0.16,310.00,0.06,0.00,0.00,0.00,0.00,722.00,0.13,5606.00
Local Education Authority,Rotherham,1901.00,0.48,2047.00,0.52,2104.00,0.53,1585.00,0.40,1420.00,0.36,1275.00,0.32,1697.00,0.43,881.00,0.22,1001.00,0.25,604.00,0.15,464.00,0.12,651.00,0.16,327.00,0.08,0.00,0.00,0.00,0.00,106.00,0.03,3962.00
Local Education Authority,Sheffield,6675.00,0.60,4710.00,0.42,5756.00,0.52,4373.00,0.39,3307.00,0.30,3144.00,0.28,2691.00,0.24,4097.00,0.37,2222.00,0.20,2496.00,0.23,1011.00,0.09,1843.00,0.17,598.00,0.05,0.00,0.00,0.00,0.00,779.00,0.07,11085.00
Local Education Authority,Bradford,4323.00,0.54,4499.00,0.56,3947.00,0.49,2688.00,0.34,2335.00,0.29,2746.00,0.34,2719.00,0.34,2482.00,0.31,1910.00,0.24,1411.00,0.18,1422.00,0.18,919.00,0.11,481.00,0.06,0.00,0.00,0.00,0.00,355.00,0.04,8007.00
Local Education Authority,Calderdale,1939.00,0.37,2166.00,0.42,2799.00,0.54,1717.00,0.33,1566.00,0.30,1290.00,0.25,1598.00,0.31,1577.00,0.30,1135.00,0.22,738.00,0.14,920.00,0.18,1089.00,0.21,543.00,0.10,0.00,0.00,0.00,0.00,965.00,0.19,5211.00
Local Education Authority,Kirklees,3374.00,0.51,3546.00,0.54,3342.00,0.51,2435.00,0.37,2466.00,0.37,2245.00,0.34,2179.00,0.33,2153.00,0.33,1625.00,0.25,1042.00,0.16,1583.00,0.24,1128.00,0.17,389.00,0.06,25.00,*%,25.00,*%,923.00,0.14,6600.00
Local Education Authority,Leeds,6994.00,0.58,6140.00,0.50,5481.00,0.45,5469.00,0.45,3218.00,0.26,3775.00,0.31,4001.00,0.33,4242.00,0.35,2329.00,0.19,3081.00,0.25,1635.00,0.13,1941.00,0.16,1423.00,0.12,0.00,0.00,0.00,0.00,995.00,0.08,12162.00
Local Education Authority,Wakefield,2332.00,0.50,2499.00,0.54,3069.00,0.66,1893.00,0.41,1813.00,0.39,2218.00,0.48,1376.00,0.30,757.00,0.16,1310.00,0.28,904.00,0.19,1149.00,0.25,826.00,0.18,689.00,0.15,0.00,0.00,0.00,0.00,687.00,0.15,4638.00
Local Education Authority,Gateshead,2500.00,0.39,2364.00,0.37,2683.00,0.42,1897.00,0.30,1257.00,0.20,1458.00,0.23,1940.00,0.30,1488.00,0.23,1161.00,0.18,898.00,0.14,1262.00,0.20,1061.00,0.17,416.00,0.07,0.00,0.00,0.00,0.00,1299.00,0.20,6390.00
Local Education Authority,Newcastle upon Tyne,4668.00,0.46,4207.00,0.42,3431.00,0.34,2677.00,0.27,2164.00,0.21,2193.00,0.22,2245.00,0.22,2473.00,0.25,1960.00,0.19,1402.00,0.14,1326.00,0.13,1084.00,0.11,1020.00,0.10,0.00,0.00,0.00,0.00,1888.00,0.19,10091.00
Local Education Authority,North Tyneside,2868.00,0.59,2681.00,0.55,1773.00,0.36,1685.00,0.35,1349.00,0.28,1248.00,0.26,1519.00,0.31,1606.00,0.33,1129.00,0.23,835.00,0.17,1006.00,0.21,678.00,0.14,694.00,0.14,0.00,0.00,0.00,0.00,658.00,0.13,4878.00
Local Education Authority,South Tyneside,1194.00,0.49,901.00,0.37,1335.00,0.55,1090.00,0.45,820.00,0.34,492.00,0.20,752.00,0.31,727.00,0.30,276.00,0.11,600.00,0.25,542.00,0.22,114.00,0.05,274.00,0.11,0.00,0.00,0.00,0.00,330.00,0.14,2414.00
Local Education Authority,Sunderland,2610.00,0.50,1922.00,0.37,2357.00,0.45,1110.00,0.21,888.00,0.17,1362.00,0.26,1151.00,0.22,1364.00,0.26,774.00,0.15,441.00,0.08,329.00,0.06,884.00,0.17,305.00,0.06,0.00,0.00,0.00,0.00,698.00,0.13,5195.00
Local Education Authority,Bath and North East Somerset,1660.00,0.49,1525.00,0.45,1050.00,0.31,1174.00,0.35,1141.00,0.34,1137.00,0.34,369.00,0.11,1115.00,0.33,851.00,0.25,697.00,0.21,573.00,0.17,523.00,0.15,586.00,0.17,0.00,0.00,0.00,0.00,416.00,0.12,3390.00
Local Education Authority,Bristol,4723.00,0.60,4562.00,0.58,3408.00,0.43,3564.00,0.45,2466.00,0.31,2746.00,0.35,2522.00,0.32,2665.00,0.34,2063.00,0.26,1273.00,0.16,1206.00,0.15,1381.00,0.18,686.00,0.09,0.00,0.00,0.00,0.00,533.00,0.07,7844.00
Local Education Authority,North Somerset,1764.00,0.44,1475.00,0.37,1631.00,0.41,1230.00,0.31,770.00,0.19,1113.00,0.28,1060.00,0.26,1122.00,0.28,852.00,0.21,659.00,0.16,439.00,0.11,357.00,0.09,193.00,0.05,0.00,0.00,0.00,0.00,316.00,0.08,4015.00
Local Education Authority,South Gloucestershire,1721.00,0.57,1755.00,0.58,1787.00,0.59,1453.00,0.48,1291.00,0.42,1287.00,0.42,1538.00,0.51,1039.00,0.34,757.00,0.25,437.00,0.14,817.00,0.27,300.00,0.10,20.00,0.01,0.00,0.00,0.00,0.00,193.00,0.06,3041.00
Local Education Authority,Hartlepool,856.00,0.43,750.00,0.38,963.00,0.49,443.00,0.23,632.00,0.32,594.00,0.30,765.00,0.39,192.00,0.10,281.00,0.14,414.00,0.21,370.00,0.19,375.00,0.19,26.00,0.01,0.00,0.00,0.00,0.00,359.00,0.18,1967.00
Local Education Authority,Middlesbrough,1505.00,0.60,1441.00,0.57,1005.00,0.40,1387.00,0.55,808.00,0.32,1031.00,0.41,730.00,0.29,1098.00,0.44,628.00,0.25,960.00,0.38,539.00,0.21,136.00,0.05,513.00,0.20,0.00,0.00,0.00,0.00,160.00,0.06,2521.00
Local Education Authority,Redcar and Cleveland,1841.00,0.45,1691.00,0.42,1601.00,0.40,1443.00,0.36,827.00,0.20,1024.00,0.25,726.00,0.18,686.00,0.17,662.00,0.16,428.00,0.11,378.00,0.09,144.00,0.04,226.00,0.06,0.00,0.00,0.00,0.00,464.00,0.11,4047.00
Local Education Authority,Stockton-on-Tees,1627.00,0.47,1677.00,0.48,1314.00,0.38,1640.00,0.47,788.00,0.23,1153.00,0.33,719.00,0.21,675.00,0.20,625.00,0.18,803.00,0.23,511.00,0.15,420.00,0.12,312.00,0.09,0.00,0.00,0.00,0.00,311.00,0.09,3458.00
Local Education Authority,Kingston upon Hull,1526.00,0.47,1667.00,0.52,1405.00,0.44,1361.00,0.42,1533.00,0.48,1035.00,0.32,1289.00,0.40,719.00,0.22,741.00,0.23,641.00,0.20,774.00,0.24,685.00,0.21,295.00,0.09,0.00,0.00,0.00,0.00,437.00,0.14,3217.00
Local Education Authority,East Riding of Yorkshire,3396.00,0.39,3541.00,0.41,4468.00,0.51,3506.00,0.40,2127.00,0.24,2146.00,0.25,2449.00,0.28,2073.00,0.24,864.00,0.10,1203.00,0.14,773.00,0.09,1635.00,0.19,810.00,0.09,0.00,0.00,0.00,0.00,880.00,0.10,8697.00
Local Education Authority,North East Lincolnshire,1652.00,0.59,1695.00,0.61,1370.00,0.49,1159.00,0.41,971.00,0.35,1195.00,0.43,730.00,0.26,776.00,0.28,282.00,0.10,699.00,0.25,641.00,0.23,597.00,0.21,535.00,0.19,0.00,0.00,0.00,0.00,64.00,0.02,2801.00
Local Education Authority,North Lincolnshire,1182.00,0.40,1512.00,0.51,1340.00,0.45,781.00,0.26,835.00,0.28,1048.00,0.35,1071.00,0.36,986.00,0.33,521.00,0.18,694.00,0.23,452.00,0.15,248.00,0.08,286.00,0.10,0.00,0.00,0.00,0.00,496.00,0.17,2973.00
Local Education Authority,North Yorkshire,10863.00,0.49,10723.00,0.48,11252.00,0.51,8070.00,0.36,6579.00,0.30,6197.00,0.28,6594.00,0.30,4882.00,0.22,3934.00,0.18,3067.00,0.14,2984.00,0.13,4023.00,0.18,1257.00,0.06,0.00,0.00,0.00,0.00,2356.00,0.11,22278.00
Local Education Authority,York,2764.00,0.59,2853.00,0.61,2160.00,0.46,2192.00,0.47,1916.00,0.41,1680.00,0.36,1039.00,0.22,1960.00,0.42,1395.00,0.30,1210.00,0.26,783.00,0.17,727.00,0.15,667.00,0.14,0.00,0.00,0.00,0.00,302.00,0.06,4701.00
Local Education Authority,Luton,546.00,0.29,595.00,0.32,664.00,0.35,428.00,0.23,553.00,0.29,407.00,0.22,726.00,0.39,705.00,0.38,476.00,0.25,257.00,0.14,213.00,0.11,36.00,0.02,188.00,0.10,0.00,0.00,0.00,0.00,327.00,0.17,1878.00
Local Education Authority,Bedford,1579.00,0.54,1326.00,0.45,1407.00,0.48,1300.00,0.44,905.00,0.31,819.00,0.28,649.00,0.22,805.00,0.27,623.00,0.21,591.00,0.20,447.00,0.15,336.00,0.11,144.00,0.05,0.00,0.00,0.00,0.00,204.00,0.07,2938.00
Local Education Authority,Central Bedfordshire,2080.00,0.53,1984.00,0.50,1435.00,0.36,1814.00,0.46,1267.00,0.32,922.00,0.23,586.00,0.15,1232.00,0.31,1348.00,0.34,851.00,0.22,357.00,0.09,534.00,0.14,554.00,0.14,0.00,0.00,0.00,0.00,630.00,0.16,3934.00
Local Education Authority,Buckinghamshire,5412.00,0.49,5538.00,0.50,5331.00,0.48,4306.00,0.39,4082.00,0.37,3142.00,0.28,2891.00,0.26,3407.00,0.31,2280.00,0.21,852.00,0.08,1461.00,0.13,1738.00,0.16,599.00,0.05,0.00,0.00,0.00,0.00,813.00,0.07,11108.00
Local Education Authority,Milton Keynes,1687.00,0.53,1717.00,0.54,1455.00,0.45,1968.00,0.61,1258.00,0.39,1239.00,0.39,1006.00,0.31,1221.00,0.38,1134.00,0.35,1160.00,0.36,598.00,0.19,480.00,0.15,297.00,0.09,0.00,0.00,0.00,0.00,176.00,0.05,3201.00
Local Education Authority,Derbyshire,8098.00,0.48,7223.00,0.42,7221.00,0.42,5829.00,0.34,5340.00,0.31,4518.00,0.27,4938.00,0.29,5191.00,0.31,4178.00,0.25,2668.00,0.16,2165.00,0.13,2231.00,0.13,1018.00,0.06,0.00,0.00,0.00,0.00,2171.00,0.13,17015.00
Local Education Authority,Derby,2538.00,0.69,2065.00,0.57,2147.00,0.59,1746.00,0.48,1197.00,0.33,1397.00,0.38,1555.00,0.43,903.00,0.25,1068.00,0.29,790.00,0.22,358.00,0.10,924.00,0.25,197.00,0.05,0.00,0.00,0.00,0.00,173.00,0.05,3654.00
Local Education Authority,Dorset,4754.00,0.46,5210.00,0.50,4236.00,0.41,3733.00,0.36,2877.00,0.28,1899.00,0.18,2862.00,0.28,3683.00,0.36,1975.00,0.19,1755.00,0.17,1709.00,0.17,1154.00,0.11,886.00,0.09,0.00,0.00,0.00,0.00,1010.00,0.10,10352.00
Local Education Authority,Poole,1605.00,0.60,1339.00,0.50,1482.00,0.56,836.00,0.31,704.00,0.26,462.00,0.17,479.00,0.18,864.00,0.32,385.00,0.14,339.00,0.13,246.00,0.09,201.00,0.08,26.00,0.01,0.00,0.00,0.00,0.00,76.00,0.03,2659.00
Local Education Authority,Bournemouth,1414.00,0.52,1411.00,0.52,1197.00,0.44,1309.00,0.48,391.00,0.14,768.00,0.28,715.00,0.26,642.00,0.24,364.00,0.13,471.00,0.17,355.00,0.13,94.00,0.03,157.00,0.06,0.00,0.00,0.00,0.00,256.00,0.09,2727.00
Local Education Authority,Durham,6728.00,0.48,6284.00,0.45,6306.00,0.45,4915.00,0.35,3632.00,0.26,4042.00,0.29,4067.00,0.29,4220.00,0.30,3757.00,0.27,2012.00,0.14,1900.00,0.14,1869.00,0.13,1307.00,0.09,0.00,0.00,0.00,0.00,2137.00,0.15,13955.00
Local Education Authority,Darlington,1414.00,0.50,1170.00,0.41,1366.00,0.48,1095.00,0.39,782.00,0.28,1018.00,0.36,1126.00,0.40,806.00,0.29,782.00,0.28,679.00,0.24,896.00,0.32,315.00,0.11,349.00,0.12,0.00,0.00,0.00,0.00,203.00,0.07,2824.00
Local Education Authority,East Sussex,5006.00,0.47,4838.00,0.46,4587.00,0.44,3646.00,0.35,4019.00,0.38,3896.00,0.37,3143.00,0.30,2444.00,0.23,2853.00,0.27,1504.00,0.14,1874.00,0.18,1610.00,0.15,556.00,0.05,0.00,0.00,0.00,0.00,1266.00,0.12,10540.00
Local Education Authority,Brighton and Hove,1932.00,0.57,1666.00,0.49,1317.00,0.39,1323.00,0.39,1214.00,0.36,875.00,0.26,1414.00,0.41,848.00,0.25,921.00,0.27,676.00,0.20,662.00,0.19,266.00,0.08,701.00,0.21,0.00,0.00,0.00,0.00,188.00,0.06,3409.00
Local Education Authority,Hampshire,11287.00,0.45,10572.00,0.42,9887.00,0.39,7486.00,0.30,5721.00,0.23,5735.00,0.23,7271.00,0.29,5216.00,0.21,4733.00,0.19,3747.00,0.15,2606.00,0.10,2641.00,0.11,1606.00,0.06,0.00,0.00,0.00,0.00,4058.00,0.16,25122.00
Local Education Authority,Portsmouth,787.00,0.61,641.00,0.50,691.00,0.54,626.00,0.49,327.00,0.25,540.00,0.42,447.00,0.35,261.00,0.20,345.00,0.27,298.00,0.23,336.00,0.26,148.00,0.12,48.00,0.04,0.00,0.00,0.00,0.00,162.00,0.13,1287.00
Local Education Authority,Southampton,876.00,0.44,911.00,0.45,815.00,0.41,841.00,0.42,529.00,0.26,519.00,0.26,350.00,0.17,333.00,0.17,296.00,0.15,233.00,0.12,286.00,0.14,386.00,0.19,181.00,0.09,0.00,0.00,0.00,0.00,420.00,0.21,2011.00
Local Education Authority,Leicestershire,6381.00,0.46,6191.00,0.44,6774.00,0.48,5680.00,0.41,4499.00,0.32,3434.00,0.25,4113.00,0.29,3948.00,0.28,2889.00,0.21,1615.00,0.12,1792.00,0.13,1645.00,0.12,604.00,0.04,0.00,0.00,0.00,0.00,1621.00,0.12,14013.00
Local Education Authority,Leicester,2105.00,0.49,2122.00,0.49,1580.00,0.37,1855.00,0.43,1451.00,0.34,1634.00,0.38,1573.00,0.36,1262.00,0.29,1320.00,0.31,1014.00,0.24,698.00,0.16,504.00,0.12,490.00,0.11,0.00,0.00,0.00,0.00,496.00,0.12,4310.00
Local Education Authority,Rutland, ** ,**, ** ,**, ** ,**, ** ,**, ** ,**, ** ,**, ** ,**, ** ,**, ** ,**, ** ,**, ** ,**, ** ,**, ** ,**,**,**,**,**, ** ,**,930.00
Local Education Authority,Staffordshire,6686.00,0.50,4869.00,0.37,6042.00,0.45,4800.00,0.36,3389.00,0.25,3564.00,0.27,3171.00,0.24,4478.00,0.34,2672.00,0.20,2605.00,0.20,1528.00,0.11,1664.00,0.12,1275.00,0.10,0.00,0.00,0.00,0.00,1646.00,0.12,13338.00
Local Education Authority,Stoke-on-Trent,1181.00,0.40,1370.00,0.46,1455.00,0.49,1207.00,0.41,764.00,0.26,889.00,0.30,788.00,0.27,744.00,0.25,402.00,0.14,287.00,0.10,208.00,0.07,276.00,0.09,276.00,0.09,0.00,0.00,0.00,0.00,228.00,0.08,2953.00
Local Education Authority,Wiltshire,5326.00,0.53,4924.00,0.49,4660.00,0.46,3875.00,0.38,4010.00,0.40,3562.00,0.35,2859.00,0.28,2528.00,0.25,2596.00,0.26,1572.00,0.16,2144.00,0.21,1647.00,0.16,906.00,0.09,0.00,0.00,0.00,0.00,1056.00,0.10,10082.00
Local Education Authority,Swindon,1326.00,0.53,1510.00,0.61,1133.00,0.46,1028.00,0.41,912.00,0.37,1019.00,0.41,780.00,0.31,753.00,0.30,722.00,0.29,613.00,0.25,462.00,0.19,117.00,0.05,115.00,0.05,0.00,0.00,0.00,0.00,460.00,0.19,2480.00
Local Education Authority,Bracknell Forest, ** ,**, ** ,**, ** ,**, ** ,**, ** ,**, ** ,**, ** ,**, ** ,**, ** ,**, ** ,**, ** ,**, ** ,**, ** ,**,**,**,**,**, ** ,**,1025.00
Local Education Authority,Windsor and Maidenhead,1095.00,0.49,860.00,0.38,897.00,0.40,735.00,0.33,226.00,0.10,248.00,0.11,416.00,0.18,905.00,0.40,185.00,0.08,389.00,0.17,70.00,0.03,158.00,0.07,298.00,0.13,0.00,0.00,0.00,0.00,188.00,0.08,2251.00
Local Education Authority,West Berkshire,953.00,0.31,1150.00,0.37,912.00,0.30,647.00,0.21,673.00,0.22,561.00,0.18,433.00,0.14,974.00,0.32,584.00,0.19,253.00,0.08,376.00,0.12,59.00,0.02,56.00,0.02,0.00,0.00,0.00,0.00,603.00,0.20,3070.00
Local Education Authority,Reading,1152.00,0.55,1134.00,0.55,658.00,0.32,1128.00,0.54,702.00,0.34,851.00,0.41,726.00,0.35,917.00,0.44,474.00,0.23,332.00,0.16,331.00,0.16,303.00,0.15, -   ,0.00,0.00,0.00,0.00,0.00,362.00,0.17,2079.00
Local Education Authority,Slough, ** ,**, ** ,**, ** ,**, ** ,**, ** ,**, ** ,**, ** ,**, ** ,**, ** ,**, ** ,**, ** ,**, ** ,**, ** ,**,**,**,**,**, ** ,**,1041.00
Local Education Authority,Wokingham, ** ,**, ** ,**, ** ,**, ** ,**, ** ,**, ** ,**, ** ,**, ** ,**, ** ,**, ** ,**, ** ,**, ** ,**, ** ,**,**,**,**,**, ** ,**,1449.00
Local Education Authority,Cambridgeshire,6376.00,0.46,6739.00,0.48,5570.00,0.40,5328.00,0.38,3822.00,0.27,3962.00,0.28,3848.00,0.28,3927.00,0.28,3594.00,0.26,3065.00,0.22,2056.00,0.15,1867.00,0.13,1795.00,0.13,0.00,0.00,0.00,0.00,2191.00,0.16,13982.00
Local Education Authority,Peterborough,1246.00,0.49,1034.00,0.40,1221.00,0.48,882.00,0.35,962.00,0.38,729.00,0.29,837.00,0.33,514.00,0.20,519.00,0.20,411.00,0.16,420.00,0.16,344.00,0.13,221.00,0.09,0.00,0.00,0.00,0.00,296.00,0.12,2555.00
Local Education Authority,Halton, ** ,**, ** ,**, ** ,**, ** ,**, ** ,**, ** ,**, ** ,**, ** ,**, ** ,**, ** ,**, ** ,**, ** ,**, ** ,**,**,**,**,**, ** ,**,1409.00
Local Education Authority,Warrington,1562.00,0.61,1354.00,0.53,846.00,0.33,925.00,0.36,747.00,0.29,1183.00,0.46,547.00,0.21,443.00,0.17,500.00,0.19,436.00,0.17,212.00,0.08,80.00,0.03,181.00,0.07,0.00,0.00,0.00,0.00,522.00,0.20,2572.00
Local Education Authority,Devon,10893.00,0.53,10459.00,0.51,9515.00,0.46,7425.00,0.36,7511.00,0.36,6919.00,0.33,6957.00,0.34,4495.00,0.22,4796.00,0.23,3754.00,0.18,3277.00,0.16,3315.00,0.16,1560.00,0.08,0.00,0.00,0.00,0.00,1388.00,0.07,20670.00
Local Education Authority,Plymouth,1955.00,0.56,1652.00,0.48,1778.00,0.51,1409.00,0.41,869.00,0.25,854.00,0.25,1003.00,0.29,940.00,0.27,546.00,0.16,1080.00,0.31,736.00,0.21,652.00,0.19,120.00,0.03,0.00,0.00,0.00,0.00,485.00,0.14,3468.00
Local Education Authority,Torbay,1317.00,0.57,1160.00,0.50,429.00,0.19,814.00,0.35,434.00,0.19,683.00,0.30,192.00,0.08,398.00,0.17,181.00,0.08,78.00,0.03,158.00,0.07,102.00,0.04,187.00,0.08,0.00,0.00,0.00,0.00,653.00,0.28,2316.00
Local Education Authority,Essex,10820.00,0.48,11168.00,0.50,11789.00,0.53,8397.00,0.37,8101.00,0.36,6927.00,0.31,7718.00,0.34,6020.00,0.27,5064.00,0.23,3952.00,0.18,4152.00,0.19,4189.00,0.19,1543.00,0.07,0.00,0.00,0.00,0.00,2372.00,0.11,22406.00
Local Education Authority,Southend on Sea,757.00,0.36,1050.00,0.50,1176.00,0.56,832.00,0.39,669.00,0.32,392.00,0.18,1013.00,0.48,720.00,0.34,491.00,0.23,588.00,0.28,445.00,0.21,76.00,0.04,199.00,0.09,0.00,0.00,0.00,0.00,86.00,0.04,2120.00
Local Education Authority,Thurrock,826.00,0.47,923.00,0.53,1263.00,0.72,650.00,0.37,754.00,0.43,1059.00,0.60,798.00,0.45,446.00,0.25,570.00,0.32,349.00,0.20,491.00,0.28,385.00,0.22,199.00,0.11,0.00,0.00,0.00,0.00,320.00,0.18,1759.00
Local Education Authority,Herefordshire,2606.00,0.54,2238.00,0.46,2354.00,0.48,1194.00,0.25,1237.00,0.25,1089.00,0.22,1556.00,0.32,1453.00,0.30,1119.00,0.23,1223.00,0.25,701.00,0.14,1010.00,0.21,398.00,0.08,0.00,0.00,0.00,0.00,726.00,0.15,4858.00
Local Education Authority,Worcestershire,4304.00,0.39,4551.00,0.42,4823.00,0.44,3493.00,0.32,3244.00,0.30,2765.00,0.25,2432.00,0.22,3380.00,0.31,1783.00,0.16,1533.00,0.14,1934.00,0.18,1932.00,0.18,531.00,0.05,0.00,0.00,0.00,0.00,1400.00,0.13,10960.00
Local Education Authority,Kent,11232.00,0.50,10278.00,0.46,11064.00,0.49,7930.00,0.35,7266.00,0.32,7271.00,0.32,6505.00,0.29,5368.00,0.24,6341.00,0.28,3638.00,0.16,3230.00,0.14,2728.00,0.12,2448.00,0.11,0.00,0.00,0.00,0.00,1792.00,0.08,22586.00
Local Education Authority,Medway,1644.00,0.48,1642.00,0.48,1854.00,0.54,1075.00,0.31,1385.00,0.40,1051.00,0.31,1083.00,0.32,1171.00,0.34,853.00,0.25,429.00,0.13,596.00,0.17,378.00,0.11,280.00,0.08,0.00,0.00,0.00,0.00,171.00,0.05,3432.00
Local Education Authority,Lancashire,11586.00,0.52,10365.00,0.47,8948.00,0.40,8198.00,0.37,6678.00,0.30,7206.00,0.33,8193.00,0.37,6143.00,0.28,4872.00,0.22,3442.00,0.16,2570.00,0.12,3101.00,0.14,2149.00,0.10,0.00,0.00,0.00,0.00,2544.00,0.11,22151.00
Local Education Authority,Blackburn with Darwen,1119.00,0.49,963.00,0.42,660.00,0.29,900.00,0.40,606.00,0.27,748.00,0.33,476.00,0.21,571.00,0.25,235.00,0.10,591.00,0.26,487.00,0.21,302.00,0.13,415.00,0.18,0.00,0.00,0.00,0.00,328.00,0.14,2269.00
Local Education Authority,Blackpool, ** ,**, ** ,**, ** ,**, ** ,**, ** ,**, ** ,**, ** ,**, ** ,**, ** ,**, ** ,**, ** ,**, ** ,**, ** ,**,**,**,**,**, ** ,**,1479.00
Local Education Authority,Nottinghamshire,5459.00,0.38,6633.00,0.46,6019.00,0.42,5409.00,0.38,4803.00,0.33,3896.00,0.27,4369.00,0.30,3609.00,0.25,3734.00,0.26,2822.00,0.20,2027.00,0.14,1217.00,0.08,1054.00,0.07,0.00,0.00,0.00,0.00,2209.00,0.15,14352.00
Local Education Authority,Nottingham,2396.00,0.59,2441.00,0.60,2043.00,0.51,1817.00,0.45,1377.00,0.34,1734.00,0.43,1396.00,0.35,1633.00,0.40,1108.00,0.27,913.00,0.23,884.00,0.22,432.00,0.11,397.00,0.10,0.00,0.00,0.00,0.00,383.00,0.09,4034.00
Local Education Authority,Shropshire,4425.00,0.53,4062.00,0.49,4587.00,0.55,3093.00,0.37,2761.00,0.33,1677.00,0.20,3356.00,0.40,2307.00,0.28,2168.00,0.26,1039.00,0.12,1121.00,0.13,1086.00,0.13,807.00,0.10,0.00,0.00,0.00,0.00,709.00,0.09,8329.00
Local Education Authority,Telford and Wrekin,1269.00,0.57,1074.00,0.48,1060.00,0.47,660.00,0.30,673.00,0.30,655.00,0.29,407.00,0.18,828.00,0.37,413.00,0.18,507.00,0.23,349.00,0.16,301.00,0.13,60.00,0.03,0.00,0.00,0.00,0.00,234.00,0.10,2231.00
Local Education Authority,Cheshire East,3894.00,0.50,3932.00,0.51,3931.00,0.51,2943.00,0.38,2667.00,0.34,2354.00,0.30,2381.00,0.31,2165.00,0.28,2231.00,0.29,1266.00,0.16,1505.00,0.19,1087.00,0.14,398.00,0.05,0.00,0.00,0.00,0.00,1049.00,0.13,7770.00
Local Education Authority,Cheshire West and Chester,3074.00,0.42,3281.00,0.44,3188.00,0.43,2774.00,0.37,2061.00,0.28,2274.00,0.31,2766.00,0.37,2517.00,0.34,2008.00,0.27,1421.00,0.19,1046.00,0.14,707.00,0.10,344.00,0.05,0.00,0.00,0.00,0.00,704.00,0.10,7402.00
Local Education Authority,Cornwall,6615.00,0.46,6459.00,0.45,6666.00,0.46,4858.00,0.34,4614.00,0.32,4331.00,0.30,4120.00,0.29,4110.00,0.29,3340.00,0.23,2167.00,0.15,1936.00,0.13,3004.00,0.21,1023.00,0.07,0.00,0.00,0.00,0.00,2349.00,0.16,14355.00
Local Education Authority,Cumbria,9816.00,0.56,9241.00,0.53,8863.00,0.50,8031.00,0.46,5590.00,0.32,5731.00,0.33,6758.00,0.38,6112.00,0.35,4518.00,0.26,3898.00,0.22,3376.00,0.19,2882.00,0.16,1533.00,0.09,0.00,0.00,0.00,0.00,1720.00,0.10,17556.00
Local Education Authority,Gloucestershire,7719.00,0.52,7410.00,0.50,6505.00,0.43,6631.00,0.44,4975.00,0.33,4228.00,0.28,5698.00,0.38,4195.00,0.28,3527.00,0.24,2757.00,0.18,2612.00,0.17,1309.00,0.09,642.00,0.04,0.00,0.00,0.00,0.00,1232.00,0.08,14959.00
Local Education Authority,Hertfordshire,9765.00,0.51,9967.00,0.53,9130.00,0.48,6981.00,0.37,5225.00,0.28,6551.00,0.35,5137.00,0.27,5225.00,0.28,3410.00,0.18,3577.00,0.19,2564.00,0.14,2162.00,0.11,1357.00,0.07,0.00,0.00,0.00,0.00,1967.00,0.10,18977.00
Local Education Authority,Isle of Wight,1182.00,0.42,1101.00,0.39,982.00,0.35,849.00,0.30,681.00,0.24,393.00,0.14,813.00,0.29,1044.00,0.37,764.00,0.27,251.00,0.09,282.00,0.10,621.00,0.22,395.00,0.14,0.00,0.00,0.00,0.00,462.00,0.16,2809.00
Local Education Authority,Lincolnshire,7932.00,0.43,7610.00,0.41,8446.00,0.46,5811.00,0.32,4680.00,0.25,4586.00,0.25,5570.00,0.30,4439.00,0.24,3011.00,0.16,3484.00,0.19,2459.00,0.13,2526.00,0.14,1382.00,0.08,0.00,0.00,0.00,0.00,2601.00,0.14,18378.00
Local Education Authority,Norfolk,9607.00,0.48,9433.00,0.47,9632.00,0.48,7310.00,0.37,5710.00,0.29,6309.00,0.32,5970.00,0.30,5739.00,0.29,4571.00,0.23,3227.00,0.16,3106.00,0.16,2279.00,0.11,1828.00,0.09,0.00,0.00,0.00,0.00,1435.00,0.07,19968.00
Local Education Authority,Northamptonshire,6659.00,0.52,6374.00,0.50,6268.00,0.49,4398.00,0.34,4100.00,0.32,3550.00,0.28,3371.00,0.26,3843.00,0.30,2946.00,0.23,2021.00,0.16,1823.00,0.14,1865.00,0.14,920.00,0.07,0.00,0.00,0.00,0.00,1386.00,0.11,12872.00
Local Education Authority,Northumberland,5808.00,0.41,5373.00,0.38,5313.00,0.37,4361.00,0.31,3445.00,0.24,3455.00,0.24,3279.00,0.23,3266.00,0.23,3061.00,0.22,1840.00,0.13,1938.00,0.14,2017.00,0.14,692.00,0.05,0.00,0.00,0.00,0.00,2187.00,0.15,14182.00
Local Education Authority,Oxfordshire,7248.00,0.49,7793.00,0.53,6541.00,0.45,5054.00,0.34,4095.00,0.28,3474.00,0.24,4385.00,0.30,4958.00,0.34,3653.00,0.25,2835.00,0.19,1726.00,0.12,1349.00,0.09,1727.00,0.12,0.00,0.00,0.00,0.00,1916.00,0.13,14659.00
Local Education Authority,Somerset,6088.00,0.54,5880.00,0.52,5619.00,0.50,4482.00,0.40,3243.00,0.29,3721.00,0.33,3994.00,0.36,2841.00,0.25,1861.00,0.17,2086.00,0.19,2019.00,0.18,1899.00,0.17,771.00,0.07,0.00,0.00,0.00,0.00,637.00,0.06,11227.00
Local Education Authority,Suffolk,6843.00,0.43,7602.00,0.48,7127.00,0.45,7136.00,0.45,5702.00,0.36,4824.00,0.31,5165.00,0.33,4472.00,0.28,3447.00,0.22,2222.00,0.14,2658.00,0.17,2633.00,0.17,671.00,0.04,0.00,0.00,0.00,0.00,1406.00,0.09,15733.00
Local Education Authority,Surrey,10225.00,0.52,8843.00,0.45,9042.00,0.46,7220.00,0.36,5226.00,0.26,5203.00,0.26,6055.00,0.31,6900.00,0.35,4588.00,0.23,3858.00,0.19,1689.00,0.09,2590.00,0.13,1239.00,0.06,0.00,0.00,0.00,0.00,2965.00,0.15,19845.00
Local Education Authority,Warwickshire,5863.00,0.50,5490.00,0.47,5812.00,0.50,4895.00,0.42,3289.00,0.28,2401.00,0.21,3295.00,0.28,3428.00,0.29,2984.00,0.26,2326.00,0.20,1439.00,0.12,1834.00,0.16,785.00,0.07,0.00,0.00,0.00,0.00,1055.00,0.09,11701.00
Local Education Authority,West Sussex,8220.00,0.55,8356.00,0.56,6433.00,0.43,5585.00,0.37,3735.00,0.25,4228.00,0.28,3851.00,0.26,4358.00,0.29,3011.00,0.20,2049.00,0.14,1825.00,0.12,1446.00,0.10,1224.00,0.08,0.00,0.00,0.00,0.00,1705.00,0.11,14916.00
